"Index"	"Incorrect Sequence"	"Correct Sequence"	"Description"	"Type"
"599"	"xxxxxxxxxxxxxxxxx"	"xxxxxxxxxxxxxxxxxxxxxxx"	"x-xxx-xxxx-xxx"	"misc_feature"
"600"	"xxxxxxxxxxxxxxxxxxxxxxxxxxxxx"	"xxxxxxxxxxxxxxxxxxxxxxxxxxxx"	"xxxxx-xxx xxxxxxxxx"	"misc_feature"
"601"	"xxxxxxxxxxxxxxxxxxxxxxxxxxxxxx"	"xxxxxxxxxxxxxxxxxxxxxxxxxxxxxx"	"xxxxx xxxxxxxxxxx"	"misc_feature"
"602"	"xxxxxxxxxxxxxxxxxxxxxxxxxxxxx"	"xxxxxxxxxxxxxxxxxxxxxxxxxxxxxxxxxxxxxxxxxxxxxxxxxxxxxxxxxxxxxxxxxxxxxxxxxxxxxxx"	"xxx-xxxx-xxxx xxx xxxxxxxx xxxxxx"	"misc_feature"
"603"	"xxxxxxxxxxxxxxxxxxxxxxxxxxxxxx"	"xxxxxxxxxxxxxxxxxxxxxxxxxxxxxx"	"xxxx xxxxxxx xxxxxxxxx xxxxxxxxxxxx xx xxx xxxx x"	"misc_feature"
"604"	"xxxxxxxxxxxxxxxxxxxxxxxxxxxxxxx"	"xxxxxxxxxxxxxxxxxxxxxxxxxxxxxxxxxxxxxx"	"xxxx xxxx-xxxx xxxxxxxxxx, xxx xxxxx xxxx"	"misc_feature"
"605"	"xxxxxxxxxxxxxxxxxxxxxxxxxxxxxxxxxxx"	"xxxxxxxxxxxxxxxxxxxxxxxxxxxxxxxxxxx"	"xxxxxx xxxx xxxx xxxxxx"	"misc_feature"
"null"	"xxxxxxxxxxxxxxxxxxxxxxxxxx"	"xxxxxxxxxxxxxxxxxxxxxxxxx"	"xxxxx xx xxx x xxxxxxxxxx xxx x xxxx xx xxxx xxxxxxxx.  xxxxxxxxxx xxxxxxxxxx xx xxxxx xxxxxx xxxxxxxx.  xxxxxxxxxxx xxxxxxxx xx xxxxxxxx xxxxxxxx xxxx xxxxxxx, xxxxx xxxxx xxx xxx"	"xxxxxxxxxxxx"
"null"	"xxxxxxxxxxxxxxxxxxxxxxxxxxxxxxxxx"	"xxxxxxxxxxxxxxxxxxxxxxxxxxxxxxxxx"	"xxx-xxxxx xxxxxxxx xxxxxx, xxxxxxxxxx xx xxx xx-xx-xxxx.  xxxx xx xx xxx xxx xx"	"xxxxxxxxxxxx"
"null"	"xxxxxxxxxxxxxxxxxxxxxxxxxx"	"xxxxxxxxxxxxxxxxxxxxxxxxxx"	"xxx xxxxxx xxxxx xx xxx xxx, xxxxx xxxxxxxxx xx xxx"	"xxxxxxxxxxxx"
"null"	"xxxxxxxxxxxxxxxxxxxxxxxxxxxx"	"xxxxxxxxxxxxxxxxxxxxxxxxxxxxxxxxxxxxxx"	"xxxx-xxx-xx xxxxxx, xxxxx xxxxxxxx xxxx xxxxxxxxxxx xx xxx xxx x xxxxxx.  xxxx xxxxxxxxxxx xxxxxxxx xxx xxx xxxxxxxx, xxx xx xxxxxxxxxxxx xxxx xxxxx xx xxx xxxxxx xxx xx xxx xxxxxxx xxxxxxx"	"xxxxxxxxxxxx"
"null"	"xxxxxxxxxxxxxxxxx"	"xxxxxxxxxxxxxxxxx"	"xxxxxxxxxx xx xxxxx xxxxxxx xxxxxxxx xxx xxxxxxxx, xx xxxxxxxx xx xx xx xxxx.  xxxx xxxxxx xx xxxxxx xx xxxxxx, xxx xx xxxxxxx xxxxxx."	"xxxxxxxxxxxx"
"null"	"xxxxxxxxxxxxxxxxxxxxxxxxxxxx"	"xxxxxxxxxxxxxxxxxxxxxxxxxxx"	"xxxxxx xx xxxx xxxxx xxxxxxxx.  xxxxxxxxxx xxxxxx xxxx xxxxxxx xxxxxxxxxx xx xxx-xxx-xxxx-xxx xxxxxxx.  xxxx xxxxx xx xxxxx-xxx, xxx xx xx xxxxxxxx xxxxxxxxxx"	"xxxxxxxxxxxx"
"null"	"xxxxxxxxxxxxxxxxxxxxxxxxxxx"	"xxxxxxxxxxxxxxxxxxxxxxxxxxx"	"xxx xxxxxxxxxx xx xxxxxx"	"xxxxxxxxxxxx"
"null"	"xxxxxxxxxxxxxxxxxxxxxxxxxxxxxxxxx"	"xxxxxxxxxxxxxxxxxxxxxxxxxxxxxxxxx"	"xxxxx xxxxxxx xxxxx xxxxxxxx"	"xxxxxxxxxxxx"
"null"	"xxxxxxxxxxxxxxxxxxxxxxxxx"	"xxxxxxxxxxxxxxxxxxxxxxxxx"	"xxxxxxxxx xxxxxx xxxxxxx xxxxxx, xxxx-xxx"	"xxxxxxxxxxxx"
"null"	"xxxxxxxxxxxxxxxxxxxxxxxxxxxxxxxxxx"	"xxxxxxxxxxxxxxxxxxxxxxxxxxxxxxxxxx"	"xxx xxxxxx xxxxxxxxxx xx xx"	"xxxxxxxxxxxx"
"null"	"xxxxxxxxxxxxxxxxxxxxxxx"	"xxxxxxxxxxxxxxxxxxxxxxx"	"xxxx xxxxxxxx xxxxxxxxxx xx xxx xxxxxxxxxx xxxxxxx xxx-xxx-xxx.  xxxxxx xxxxx xxxxxx xx xxxxx"	"xxxxxxxxxxxx"
"null"	"xxxxxxxxxxxxxxxxxxxxxxxxxxxxx"	"xxxxxxxxxxxxxxxxxxxxxxxxxxxxx"	"xxxxxx xxxx xxxxx xxxxx xx xxx xxxxxx x xxxxxx.  xxxxxxxxx xx xxxxxxxx xxxxxxxxxx xxxxxxxxxx, xxx xx xxxx xxxx xxx xxxxx xxxx"	"xxxxxxxxxxxx"
"null"	"xxxxxxxxxxxxxxxxxxx"	"xxxxxxxxxxxxxxxxxxxx"	"xxx xxxxxxxxxx"	"xxxxxxxxxxxx"
"null"	"xxxxxxxxxxxxxxxxxxxxxxxxxxxxx"	"xxxxxxxxxxxxxxxxxxxxxxxxxxxxx"	"xxx xxxxxxxx xxxxxxxx xxxxxx xxxx xxxx xxxxxxxx xx xxxxx xxxxxxx, xx xxx-xxxx-xxx"	"xxxxxxxxxxxx"
"null"	"xxxxxxxxxxxxxxxxxxxxxxxxxxxxxxxxxxxxxxxxxxxxxxxxxxxxxxxx"	"xxxxxxxxxxxxx"	"xxx-xxxx-xxxx xxx xxxxxxxx xxxxxx"	"xxxxxxxxxxxx"
"null"	"xxxxxxxxxxxxxxxxxxxxxxxxx"	"xxxxxxxxxxxxxxxxxxxxxxxxx"	"xxx xxxxxx xxxxxxxxxxx.  xxxx xx xxxx"	"xxxxxxxxxxxx"
"null"	"xxxxxxxxxxxxxxxxxxxxxxxxxxxx"	"xxxxxxxxxxxxxxxxxxxxxxxxxxx"	"xxxx xxxxxxx xxxxxxxxx xxxxxxxxxxxx xx xxx xxxx x"	"xxxxxxxxxxxx"
"null"	"xxxxxxxxxxxxxxxxxxxxxxxxxxxxxxxxxxxxxxxxxx"	"xxxxxxxxxxxxxxxxxxxxxxxxxxxxxxxxxxxxxxxxxx"	"xxxx xxxx-xxxx xxxxxxxxxx, xxxx xxx"	"xxxxxxxxxxxx"
"null"	"xxxxxxxxxxxxxxxxxxxxxxxxxxxxxxxxxxxx"	"xxxxxxxxxxxxxxxxxxxxxxxxxxxxxxxxxxxx"	"xxxxxx xxxx xxxx xxxxxx"	"xxxxxxxxxxxx"
"null"	"xxxxxxxxxxxxxxxxxxxxxxxxxxxxxx"	"xxxxxxxxxxxxxxxxxxxxxxxxxxxxxx"	"xxxx xxx xxxxxxxx xxxxxxxx xxxxx.  xxxxxxxx xxxxxxx xxxxx xx x xxxxxxx xxxxxx"	"xxxxxxxxxxxx"
"null"	"xxxxxxxxxxxxxxxxxxxxxxxxxxxxx"	"xxxxxxxxxxxxxxxxxxxxxxxxxxxxx"	"xxx-x xxxxxxxx xxxxxxxxxx, xxxxx xxxx xxxxxxxxxxxx xxxx-xxxxxx.  xxx xxxxx xxx xxx xxxxxxxxx xx xxx xxx xxxxxx xx xxxx xx xxx xxxxx xxxxx xxx xxxxxxxxx xxxxxxxx"	"xxxxxxxxxxxx"
"null"	"xxxxxxxxxxxxxx"	"xxxxxxxxxxxxxx"	"xxxxxxxxxx xx xxxxx xxxxxxx xxxxxxxx xxx xxxxxxxx, xx xxxxxxxx xx xx xx xxxx.  xxxx xxxxxxx xx xxxxxx xx xxxxxxx xxx xxx xxxxxx, xxx xx xxxxxxx xxxxxx."	"xxxxxxxxxxxx"
"null"	"xxxxxxxxxxxxxxxxxxxxxxxxxxx"	"xxxxxxxxxxxxxxxxxxxxx"	"xxxxx xxxxxxxxxxx"	"xxxxxxxxxxxx"
"null"	"xxxxxxxxxxxxxxxxxxxxxxxxxxxx"	"xxxxxxxxxxxxxxxxxxxxxxxxxxxx"	"xxxxxx xx xxxx xxxxx xxxxxxxx.  xxxxxxxxxx xxxxxx xxxx xxxxxxx xxxxxxxxxx xx xxx-xxx-xxxx-xxx xxxxxxx.  xxxx xxxxx xx xxxxx-xxx, xxx xx xx xxxxxxxx xxxxxxxxxx"	"xxxxxxxxxxxx"
"null"	"xxxxxxxxxxxxxxxxxxxxxxxxxxxxxxxxxxxxxxxxxxx"	"xxxxxxxxxxxxxxxxxxxxxxxxxxxxxxxxxxxxxxxxxxx"	"xxxxxxxxx xxxxxx xx xxxxx xxx, xxxxxxxxxx xxxxxx xxxxxxxxxx xx xxxx xxxx xx xxx xxxxxxx"	"xxxxxxxxxxxx"
"null"	"xxxxxxxxxxxxxxxxxxxxxxxxxxxxx"	"xxxxxxxxxxxxxxxxxxxxxxxxxxxxx"	"xxx xxxxxxxxxx xx xxxxxx"	"xxxxxxxxxxxx"
"null"	"xxxxxxxxxxxxxxxxxxxxxxxxxxxxxxxx"	"xxxxxxxxxxxxxxxxxxxxxxxxxx"	"xxx xxxxx xxxxxx xxxxxxxxxx"	"xxxxxxxxxxxx"
"null"	"xxxxxxxxxxxxxxxxxxxxxxxxxxxxxxx"	"xxxxxxxxxxxxxxxxxxxxxxxxxxxxxxx"	"xxx xxxxxx xxxxxxxxxx xx xx"	"xxxxxxxxxxxx"
"null"	"xxxxxxxxxxxxxxxxxxxxxxxxxxxxxxx"	"xxxxxxxxxxxxxxxxxxxxxxxxxxxxxx"	"xxx xxxxxxxxxxx xxxx xxxx-xxx.  xxxx xxxxxxxxxx xxxxxxx xx xxxx x xxxx xx xxx xxxxxxxx xxxx xxx xxxxxx.   xx xxx xxxxx xxx xxxx xx xxx xxxx xxxxxxx, xxx xxxxxxxx xxxx xxx xxxx x xxxx xx xxx xxxxxx xxx, xxx xx xxxxxxxxxx"	"xxxxxxxxxxxx"
"null"	"xxxxxxxxxxxxxxxxxxxxx"	"xxxxxxxxxxxxxxxxxxxxx"	"xxxx xxxxxxxx xxxxxxxxxx xx xxx xxxxxxxxxx xxxxxxx xxx-xxx-xxx.  xxxxxx x->x xxxxxx xx xxxxx"	"xxxxxxxxxxxx"
"null"	"xxxxxxxxxxxxxxxxxxxxxxxxxx"	"xxxxxxxxxxxxxxxxxxxxxxxxxx"	"xxx xxx xxxx xxxxxxxxxxx"	"xxxxxxxxxxxx"
"null"	"xxxxxxxxxxxxxxxxxxxxxxxxxxxxxxx"	"xxxxxxxxxxxxxxxxxxxxxxxxxxxxxxxxxxx"	"xxx xxxxxxxx xxxxxxxx xxxxxx xxxx xxxx xxxxxxxx xx xxxxx xxxxxxx, xx xxx-xxxx-xxx"	"xxxxxxxxxxxx"
"null"	"xxxxxxxxxxxxxxxxxxxxxxxxxx"	"xxxxxxxxxxxxxxxxxxxxxxxxx"	"xxxx xxxx-xxxx xxxxxxxxxx, xx xx xx xxxxxxxx"	"xxxxxxxxxxxx"
"null"	"xxxxxxxxxxxxxxxxxxxxxxxxxxxxxxxxxxxxxxxxx"	"xxxxxxxxxxxxxxxxxxxxxxxxxxxxxxxxxxxxxxxxxxxxxxxxxxxx"	"xxxx xxxxxxxxxx xx xxxxxxxx-xxxx xxxxxxxxx.  xxxxxxxx xxxxxxx xxxx xxx xxx"	"xxxxxxxxxxxx"
"null"	"xxxxxxxxxxxxxxxxxxxxxxxxxxxxxxxxxxx"	"xxxxxxxxxxxxxxxxxxxxxxxxxxxxxxxxxxxxxxx"	"xxxxxxxxx xxxxx xxxx xx xxx xxxxx xxxxxxx, xxxxx xxx xxxxx xx xxx xxxxxxxxxxx"	"xxxxxxxxxxxx"
"null"	"xxxxxxxxxxxxxxxxxxxxxxxxx"	"xxxxxxxxxxxxxxxxxxxxxx"	"xxx xxx-xxxxxx xxxxx, xxxxxxxx xxxxxxx xx xxx xxx xxxxxxxxxx.  xxxxxx xxxxxxx x xx xxxxx xx xxxx xxx xxxxxxxx."	"xxxxxxxxxxxx"
"null"	"xxxxxxxxxxxxxxxxxxxxxxx"	"xxxxxxxxxxxxxxxxxxxxxxx"	"xxxx xxxxxx xxxx xxxxx.  xxxxxxxxxx xxxxx xxxxxx"	"xxxxxxxxxxxx"
"null"	"xxxxxxxxxxxxxxxxxxxxxxxxxx"	"xxxxxxxxxxxxxxxxxxxxxxxxxx"	"xxxxxx xx xxxx xxxxx xxxxxxxx.  xxxxxxxxxx xxxxxx xxxx xxxxxxx xxxxxxxxxx xx xxx-xxx-xxxx-xxx xxxxxxx.  xxxx xxxxx xx xxxxx-xxx, xxx xx xx xxxxxxxx xxxxxxxxxx"	"xxxxxxxxxxxx"
"null"	"xxxxxxxxxxxxxxxxxxxxxxxxxxxxxxx"	"xxxxxxxxxxxxxxxxxxxxxxxxxxxxxxx"	"xxx xxxxxxxxxx xx xxxxxx"	"xxxxxxxxxxxx"
"null"	"xxxxxxxxxxxxxxxxxxxxxxxxxxxxxxxxxxxxxxxxxxxxxxxxxxxxxxxxxxxxxxxxxxxxxxxxxxxxxxxxxxxxxxxxxxxxxxxxxxxxxxxxxxxxxxxxxxxxxxxxxxxxxxxxxxxxxxxxxxxxxxxxxxxxxxxxxxxxxxxxxxxxxxxxxxxxxxxxxxxxxxxxxxxxxxxxxxxxxxxxxxxxxxxxxxxxxxxxxxxxxxxxxxxxxxxxxxxxxxxxxxxxxxxxxxxxxxxxxxxxxxxxxxxxxxxxxxxxxxxxxxxxxxxxxxxxxxxxxxxxxxxxxxxxxxxxxxxxxxxxxxxx"	"xxxxxxxxxxxxxxxxxxxxxxxxxxxxxxxxxxxxxxxxxxxxxxxxxxxxxxxxxxxxxxxxxxxxxxxxxxxxxxxxxxxxxxxxxxxxxxxxxxxxxxxxxxxxxxxxxxxxxxxxxxxxxxxxxxxxxxxxxxxxxxxxxxxxxxxxxxxxxxxxxxxxxxxxxxxxxxxxxxxxxxxxxxxxxxxxxxxxxxxxxxxxxxxxxxxxxxxxxxxxxxxxxxxxxxxxxxxxxxxxxxxxxxxxxxxxxxxxxxx"	"xxxxx-x xxx x xxxxxxxx xx xxx xxxx xxxxxxxxx.  xxxx xxxxxxxxxx xxxxx."	"xxxxxxxxxxxx"
"null"	"xxxxxxxxxxxxxxxxxxxxxxxxxxxxxxx"	"xxxxxxxxxxxxxxxxxxxxxxxxxxxxxxx"	"xxxx xxxx xxx-xxxx xxx xxxxxxxxxxx.  xxxx xxxxx xx xxxxxx xxxx xxxxxxxxx xxxx xx xxxx xx xxxxxxxx xxx"	"xxxxxxxxxxxx"
"null"	"xxxxxxxxxxxxxxxxxxxxxxxxx"	"xxxxxxxxxxxxxxxxxxxxxxxxx"	"xxx xxxxxxxx xx xxx-xxxxxxxxx xxxxx.  xxxxx xxx xxx xxxxxxxx xxxxx xxx xxx xxx xxxxxx"	"xxxxxxxxxxxx"
"null"	"xxxxxxxxxxxxxxxxxxxxx"	"xxxxxxxxxxxxxxxxxxxxx"	"xxxx xxxxxxxx xxxxxxxxxx xx xxx xxxxxxxxxx xxxxxxx xxx-xxx-xxx.  xxxxxxx xxxxxx xxxxx xxxxxx xx xxxxx"	"xxxxxxxxxxxx"
"null"	"xxxxxxxxxxxxxxxxxxxxxxxxxxxxxxxxxxxxxxxxxxxx"	"xxxxxxxxxxxxxxxxxxxxxxxxxxxxxxxxxxxxxxxxxxxx"	"xxx xxxxxxxxxxx xxxx xxxx-xxx"	"xxxxxxxxxxxx"
"null"	"xxxxxxxxxxxxxxxxxxxxxxxxxxxxxxx"	"xxxxxxxxxxxxxxxxxxxxxxxxxxxxxxx"	"xxx xxxxx xxxxxx xxxxxxxxxx"	"xxxxxxxxxxxx"
"null"	"xxxxxxxxxxxxxxxxxxxxxxxxxxxxxxxxxxxxxxxxxxxxx"	"xxxxxxxxxxxxxxxxxxxxxxxxxxxxxxxxxxxxxxxxxxx"	"xxxxxxxx xxxxxxx xxx xxxxxx xxx xxx xxxxxx xxxxxxx xxx.  xxxx xxxxxxx xx xxxxxx."	"xxxxxxxxxxxx"
"null"	"xxxxxxxxxxxxxxxxxxxxxxxxxxxxxxxxxxxxxxxxxxxxxxxxxxxxxxxxxxxxxxxxxxxxxxxxxxxxxxxxxxxxxxxxxxxxxxxxxxxxxxxxxxxxxxxxxxxxxxxxxxxxxxxxxxxxxxxxxxxxxxxxxxxxxxxxxxxxxxxxxxxxxxxxxxxxxxxxxxxxxxxxxxxxxxxxxxxxxxxxxxxxxxxxxxxxxxxxxxxxxxxxxxxxxxxxxxxxxxxxxxxxxxxxxxxxxxxxxxxxxxxxxxxxxxxxxxxxxxxxxxxxxxxxxxxx"	"xxxxxxxxxxxxxxxxxxxxxxxxxxxxxxxxxxxxxxxxxxxxxxxxxxxxxxxxxxxxxxxxxxxxxxxxxxxxxxxxxxxxxxxxxxxxxxxxxxxxxxxxxxxxxxxxxxxxxxxxxxxxxxxxxxxxxxxxxxxxxxxxxxxxxxxxxxxxxxxxxxxxxxxxxxxxxxxxxxxxxxxxxxxxxxxxxxxxxxxxxxxxxxxxxxxxxxxxxxxxxxxxxxxxxxxxxxxxxxxxxxxxxxxxxxxxxxxxxxxxxxxxxxxxxxxxxxxxxxxxxxxxxxxxxxxx"	"xxxxx xxxx xxxxx xxxxxxxxx xxxx xx xxxx xxxx xxxxxxxxxx.  xxxxxx xxxxxxxx xxxxxxxx xxx xxx xxxx x xxx x xxxx"	"xxxxxxxxxxxx"
"null"	"xxxxxxxxxxxxxxxxxxx"	"xxxxxxxxxxxxxxxxxxx"	"xxxx xxxxxxxx xxxxxxxxxx xx xxx xxxxxxxxxx xxxxxxx xxx-xxx-xxx.  xx xxxxxxx xxxxxxxx"	"xxxxxxxxxxxx"
"null"	"xxxxxxxxxxxxxxxxxxxxxxxxxxxxxxxxxxxxxxxxxxxxxxxxxxxxxxxxxxxxxxxxxxxxxx"	"xxxxxxxxxxxxxxxxxxxxxxxxxxxxxxxxxxxxxxxxxxxxxxxxxxxxxxxxxxxxxxxxxxxxxxxxxxxx"	"xxx-xxxxx xxxxxxxxxx"	"xxxxxxxxxxxx"
"null"	"xxxxxxxxxxxxxxxxxxxxxxxxxxxxxxxxxx"	"xxxxxxxxxxxxxxxxxxxxxxxxxxxxxxxxxxx"	"xxxx xxxx-xxxx xxxxxxxxxx, xx xx xx xxxxxxxx"	"xxxxxxxxxxxx"
"null"	"xxxxxxxxxxxxxxxxxxxxxxxxxxxxxxxxxxxxxxxxxxxxxxxxxxxxxxxxxxxxxxxxxxxxxxxxxxxxxxxxxxxxxxxxxxxxxxxxxxxxxxxxxxxxxxxxxxxxxxxxxxxxxxxxxxxxxxxxxxxxxxxxxxxxxxxxxxxxxxxxxxxxxxxxxxxxxxxxxxxxxxxxxxxxxxxxxxxxxxxxxxxxxxxxxxxxxxxxxxxxxxxxxxxxxxxxxxxxxxxxxxxxxxxxxxxxxxxxxxxxxxxxxxxxxxxxxxxxxxxxxxxxxxxxxxxxxxxxxxxxxxxxxxxxxxxxxxxxxxxxxxxxxxxxxxxxxxxxxxxxxxxxxxxxxxxxxxxxxxxxxxxxxxxxxxxxxxxxxxxxxxxxxxxxxxxxxxxxxxxxxxxxxxxxxxxxxxxxxxxxxxxxxxxxxxxxxxxxxxxxxxxxxxxxxxxxxxxxxxxxxxxxxxxxxxxxxxxxxxxxxxxxxxxxxxxxxxxxxxxxxxxxxxxxxxxxxxxxxxx"	"xxxxxxxxxxxxxxxxxxxxxxxxxxxxxxxxxxxxxxxxxxxxxxxxxxxxxxxxxxxxxxxxxxxxxxxxxxxxxxxxxxxxxxxxxxxxxxxxxxxxxxxxxxxxxxxxxxxxxxxxxxxxxxxxxxxxxxxxxxxxxxxxxxxxxxxxxxxxxxxxxxxxxxxxxxxxxxxxxxxxxxxxxxxxxxxxxxxxxxxxxxxxxxxxxxxxxxxxxxxxxxxxxxxxxxxxxxxxxxxxxxxxxxxxxxxxxxxxxxxxxxxxxxxxxxxxxxxxxxxxxxxxxxxxxxxxxxxxxxxxxxxxxxxxxxxxxxxxxxxxxxxxxxxxxxxxxxxxxxxxxxxxxxxxxxxxxxxxxxxxxxxxxxxxxxxxxxxxxxxxxxxxxxxxxxxxxxxxxxxxxxxxxxxxxxxxxxxxxxxxxxxxxxxxxxxxxxxxxxxxxxxxxxxxxxxxxxxxxxxxxxxxxxxxxxxxxxxxxxxxxxxxxxxxxxxxxxxxxxxxxxxxxxxxxxxxxxxxxxx"	"xxxx xxxxxxxxxx xx xxx-xxxx, xxxxxxxxxxx xxxx xxxx xxxxxxx xxxxxx."	"xxxxxxxxxxxx"
"null"	"xxxxxxxxxxxxxxxxxxxxxxxxx"	"xxxxxxxxxxxxxxxxxxxxxxx"	"x xx xxxxxxx xxxx xxxxxxxxx xxx x xxxxxx.  xxxx xxxxxxxx xxxx xxx x xxxx xx xxx xxxxx.  xxxx xxxx xxx xxx xxxxxxxxx"	"xxxxxxxxxxxx"
"null"	"xxxxxxxxxxxxxxxxxxxxxxxxxxxxx"	"xxxxxxxxxxxxxxxxxxxxxxxxxxxxxx"	"xxxxxx xxxxxxxx xxxxx xxxxx xx xxxxx xxxxxxxx xxxx x. xxxxxxx.  xxx xx xxxxxxxx xxxxx xxx xxx xxxxxx xxxxxxx xx xxx xxxxxxxxxx xx xxxxx"	"xxxxxxxxxxxx"
"null"	"xxxxxxxxxxxxxxxxxxxxxxxxxxxx"	"xxxxxxxxxxxxxxxxxxxxxxxxxxxx"	"xxx xxxxxxxxxx xx xxxxxx"	"xxxxxxxxxxxx"
"null"	"xxxxxxxxxxxxxxxxxxxxxxxxxxxxxxxxxxxxxx"	"xxxxxxxxxxxxxxxxxxxxxxxxxxxxxxxxxxxxxxx"	"xxxxxx xx xxxx xxxxx xxxxxxxx.  xxxxxxxxxx xxxxxx xxxx xxxxxxx xxxxxxxxxx xx xxx-xxx-xxxx-xxx xxxxxxx.  xxxx xxxxx xx xxxxx-xxx, xxx xx xx xxxxxxxx xxxxxxxxxx"	"xxxxxxxxxxxx"
"null"	"xxxxxxxxxxxxxxxxxxxxxxxxxxxx"	"xxxxxxxxxxxxxxxxxxxxxxxxxxxxx"	"xxx xxxxxxxx xxxxxxxx xxxxxx xxxx xxxx xxxxxxxx xx xxxxx xxxxxxx, xx xxx-xxxx-xxx"	"xxxxxxxxxxxx"
"null"	"xxxxxxxxxxxxxxxxxxxxx"	"xxxxxxxxxxxxxxxxxxxxx"	"xxxxxxxx xxxxxxxx xxxxx xx xxx-xxxxxxxxx.  xxxx xxxxx xx xxxxxxxx xxxxx xxx xxxxx xxxxxxxxxx"	"xxxxxxxxxxxx"
"null"	"xxxxxxxxxxxxxxxxxxxxxxxxxxxxxxxxxxxxxxxxxxxxxxx"	"xxxxxxxxxxxxxxxxxxxxxxxxxxxxxxxxxxxxxxxxxxxxxxxxxx"	"xxx xxxxxxxxxx xx xxxxxx"	"xxxxxxxxxxxx"
"null"	"xxxxxxxxxxxxxxxxxxxxxx"	"xxxxxxxxxxxxxxxxxxxxxx"	"xxxxxxxxxx"	"xxxxxxxxxxxx"
"null"	"xxxxxxxxxxxxxxxxxxxxxxxxxxxxxxxxxxx"	"xxxxxxxxxxxxxxxxxxxxxxxxxxxxxxxxxxx"	"xxx xxx xxxx xxxxxxxxxxx"	"xxxxxxxxxxxx"
"null"	"xxxxxxxxxxxxxxxxxxxxxxxxxxxxxxxxxxxxxxxxxxx"	"xxxxxxxxxxxxxxxxxxxxxxxxxxxxxxxxxxxxxxxx"	"xxx xxxxxxxxxx xx xxxxxx"	"xxxxxxxxxxxx"
"null"	"xxxxxxxxxxxxxxxxxxxxxxxxxxxxxxxxxxxx"	"xxxxxxxxxxxxxxxxxxxxxxxxxxxxxxxxxxxxxxxxxxxxxxxxxxxxxxxxxx"	"xxxxxxxx xx xxx xxx xx xxxxxxx xx xxx-xxxxxxx.  xxxxxxx xxxx xxxxx xxxxxx xxxxxxxxx"	"xxxxxxxxxxxx"
"null"	"xxxxxxxxxxxxxxxxxxxxxxxxxx"	"xxxxxxxxxxxxxxxxxxxxxxxxxx"	"xxxx xxxxxxxx xxxxxxxxxx xx xxx xxxxxxxxxx xxxxxxx xxx-xxx-xxx.  xx xxxxxxx xxxxxxxx"	"xxxxxxxxxxxx"
"null"	"xxxxxxxxxxxxxxxxxxxxxxxxx"	"xxxxxxxxxxxxxxxxxxxxxxxxx"	"xxxx xxxxxxxx xxxxxxxxxx xx xxx xxxxxxxxxx xxxxxxx xxx-xxx-xxx.  xxxxxx xxxxx xxxxxx xx xxxxx"	"xxxxxxxxxxxx"
"null"	"xxxxxxxxxxxxxxxxxxxxxxxxxxxxxxxxxxxxxxxxx"	"xxxxxxxxxxxxxxxxxxxxxxxxxxxxxxxxxxxxxxxxx"	"xxxx xxxxxxxxxx xxxx-xxxx, xxxx xxx"	"xxxxxxxxxxxx"
"null"	"xxxxxxxxxxxxxxxxxxxxxxxxxxxx"	"xxxxxxxxxxxxxxxxxxxxxxxxxxx"	"xxx x xxxx xxxxx xx xxx xxxx xxxxxxxxx"	"xxxxxxxxxxxx"
"null"	"xxxxxxxxxxxxxxxxxxxxxxxxxxxxxxxxxxxxxxxxxxxxxxxxxxxxxxxxxxxxxxxxx"	"xxxxxxxxxxxxxxxxxxxxxxxxxxxxxxxxxxxxxxxxxxxxxxxxxxxxxxxxxxxxxx"	"xxx xxxxxxxxxx xx xxxxxx"	"xxxxxxxxxxxx"
"null"	"xxxxxxxxxxxxxxxxxx"	"xxxxxxxxxxxxxxxxxxx"	"xxxxxx xx xxxx xxxxx xxxxxxxx.  xxxxxxxxxx xxxxxx xxxx xxxxxxx xxxxxxxxxx xx xxx-xxx-xxxx-xxx xxxxxxx.  xxxx xxxxx xx xxxxx-xxx, xxx xx xx xxxxxxxx xxxxxxxxxx"	"xxxxxxxxxxxx"
"null"	"xxxxxxxxxxxxxxxxxxxxxxxxxxxxxxxxxxxxx"	"xxxxxxxxxxxxxxxxxxxxxxxxxxxxxxxxxxxxx"	"x->x xxxxxxxxxx xxxxxx xx xxx-xxx xxxxx xxxxx xxxxxxxx xxxxxxxx"	"xxxxxxxxxxxx"
"null"	"xxxxxxxxxxxxxxxxxxxxxxxxxxxxxxxxx"	"xxxxxxxxxxxxxxxxxxxxxxxxxxxxxxxxx"	"xxx xxxxxxxxxx xx xxxxxx"	"xxxxxxxxxxxx"
"null"	"xxxxxxxxxxxxxxxxxx"	"xxxxxxxxxxxxxxxxxx"	"xxxxxxxx xxxxx xxxxx xx xxx-xxxxxxxxx"	"xxxxxxxxxxxx"
"null"	"xxxxxxxxxxxxxxxxxxxxxxxxxxxxxxxxxxxxxx"	"xxxxxxxxxxxxxxxxxxxxxxxxxxxx"	"xxxx-xxx xxxxxxxxxx"	"xxxxxxxxxxxx"
"null"	"xxxxxxxxxxxxxxxxxxx"	"xxxxxxxxxxxxxxxxxxx"	"xxx xxx xxxx xxxxxxxxxxx"	"xxxxxxxxxxxx"
"null"	"xxxxxxxxxxxxxxxxxxxxxxxxxxxxxxxxxxxxxxxxxxxxxxxxxxxxxxxxxxxxxxxx"	"xxxxxxxxxxxxxxxxxxxxxxxxxxxxxxxxxxxxxxxxxxxxxxxxxxxxxxxxxxxxx"	"xxxxxxxxxxx-xxxx xxxxxx: xx xxxxxxxx, xx. xxxxx xxxx>xxxx xx xxxxxxx-xxxx"	"xxxxxxxxxxxx"
"null"	"xxxxxxxxxxxxxxxxxxxxxxxxxxx"	"xxxxxxxxxxxxxxxxxxxxxxxxxxxx"	"xxx xxxxxxxx xxxxxxxx xxxxxx xxxx xxxx xxxxxxxx xx xxxxx xxxxxxx, xx xxx-xxxx-xxx"	"xxxxxxxxxxxx"
"null"	"xxxxxxxxxxxxxxxxxxx"	"xxxxxxxxxxxxxxxxxxx"	"x-xxxxx xxxxxxxx xxxxx.  xxxxxx xxxxx xxxxxxx xxx xxxxxx"	"xxxxxxxxxxxx"
"null"	"xxxxxxxxxxxxxxxxxxxxxxxxxx"	"xxxxxxxxxxxxxxxxxxxxxxxxxxx"	"xxxxxxxxxx xx xxx, xxxxxxx xx xxxx-xxxxxxx-xxxx-xxx xxxxxxxx xxxxx xxxx"	"xxxxxxxxxxxx"
"null"	"xxxxxxxxxxxxxxxxxxxxxxxxxxxxxxxxxxxxxxxxx"	"xxxxxxxxxxxxxxxxxxxxxxxxxxxxxxxxxxxxxxxxxx"	"xxx-xxxx-xxxx-x-xxxx xxxxxxxxxxx; xxxxxx xx xxxxxxxxx"	"xxxxxxxxxxxx"
"null"	"xxxxxxxxxxxxxxxxxxxxx"	"xxxxxxxxxxxxxxxxxxxx"	"xxxx xxxxxxxx xxxxxxxxxx xx xxx xxxxxxxxxx xxxxxxx xxx-xxx-xxx.  xx xx xxxxxxx xxxxxxxxxxx"	"xxxxxxxxxxxx"
"null"	"xxxxxxxxxxxxxxxxxxxxxxxxxxxxxxxxxxxxxxxxxxxxx"	"xxxxxxxxxxxxxxxxxxxxxxxxxxxxxxxxxxxxxxxxxxxxxx"	"xxxx xxxxxxxx xxxxxxxx xx xxx-x xxx xxxxxx xxxx xxxxxx.  xxxxx xxxxx xx x xxxxx xx.  xxxxxxx xxxxxxxx xx xxxxxxxx xxxxxxxxx xx xxx xx xxxx xxxxxx"	"xxxxxxxxxxxx"
"null"	"xxxxxxxxxxxxxxxxxxxxx"	"xxxxxxxxxxxxxxxxxxxxx"	"xxxx xxxxxxxx xxxxxxxxxx xx xxx xxxxxxxxxx xxxxxxx xxx-xxx-xxx.  xxxxxx xxxxx xxxxxx xx xxxxx"	"xxxxxxxxxxxx"
"null"	"xxxxxxxxxxxxxxxxxxxxxxxxxxxxxxxxxxxxxxxxxxxxxxxxxxxxxxxxxxxxxxxxxxxxxxxxxxxxxxxxxxxxxxxxxxxxxxxxxxxxxxxxxxxxxxxxxxxx"	"xxxxxxxxxxxxxxxxxxxxxxxxxxxxxxxxxxxxxxxxxxxxxxxxxxxxxxxxxxxxxxxxxxxxxxxxxxxxxxxxxxxxxxxxxxxxxxxxxxxxxxxxxxxxxxxxxxxx"	"xxxx-xxxx xxxxxx xx xxxxxxxxxx xxx xxxx xxxxxxxx xx x xxxxxxxx xxxxxx xxxxxxx xx xxxxxxxx-xxxxxxxxx.  xxx xxxx xxxxxxx xxx xxxxxxxx xxx xxxxxxxx."	"xxxxxxxxxxxx"
"null"	"xxxxxxxxxxxxxxxxxxxxxxxxxxxxxxxxxxxxxxxxxxxxxxxxxxx"	"xxxxxxxxxxxxxxxxxxxxxxxxxxxxxxxxxxxxxxxxxxxxxxxxxxx"	"xxxx xxxxxxxxxx xxxx-xxxx.  xxxx xxx"	"xxxxxxxxxxxx"
"null"	"xxxxxxxxxxxxxxxxxxxxxxxxxxxxxxxxxxxxxxx"	"xxxxxxxxxxxxxxxxxxxxxxxxxxxxxxxxxxxxxxxx"	"xxx xxxxxxxxxx xx xxxxxx"	"xxxxxxxxxxxx"
"null"	"xxxxxxxxxxxxxxxxxxxxx"	"xxxxxxxxxxxxxxxxxxxxxxxx"	"xxxxxx xx xxxxxx xxx xxxxxxxxx xxxxxxxx.  xxxx xx xx xxx xxx xxxxxxxx xxx xxxxxx xxx xxxxxx xxx xxxxxxxx xx xxx xxxx"	"xxxxxxxxxxxx"
"null"	"xxxxxxxxxxxxxxxxxxx"	"xxxxxxxxxxxxxxxxxxxx"	"xxxxxx xx xxxx xxxxx xxxxxxxx.  xxxxxxxxxx xxxxxx xxxx xxxxxxx xxxxxxxxxx xx xxx-xxx-xxxx-xxx xxxxxxx.  xxxx xxxxx xx xxxxx-xxx, xxx xx xx xxxxxxxx xxxxxxxxxx"	"xxxxxxxxxxxx"
"null"	"xxxxxxxxxxxxxxxxxxxxxxxxxxxx"	"xxxxxxxxxxxxxxxxxxxxxxxxxxxxx"	"xxx xxxxxxxx xxxxxxxx xxxxxx xxxx xxxx xxxxxxxx xx xxxxx xxxxxxx, xx xxx-xxxx-xxx"	"xxxxxxxxxxxx"
"null"	"xxxxxxxxxxxxxxxxxxxxxxxxxxxxxxxxxxxxxxxxxxxxxxxxx"	"xxxxxxxxxxxxxxxxxxxxxxxxxxxxxxxxxxxxxxxxxxxxxxxxxxx"	"xxxxxxxx xxxxxx.  xxxxxxxxx xx xxxx xxxxx-xxx xxx xxx-xxxxxxxxx"	"xxxxxxxxxxxx"
"null"	"xxxxxxxxxxxxxxxxxxxxxxxxxxxxxxxxxxxx"	"xxxxxxxxxxxxxxxxxxxxxxxxxxxxxxxxxxxx"	"xxx xxxxxxxxxx xx xxxxxx"	"xxxxxxxxxxxx"
"null"	"xxxxxxxxxxxxxxxxxxxxxx"	"xxxxxxxxxxxxxxxxxxxxxx"	"xxx xxx xxxx xxxxxxxxxxx"	"xxxxxxxxxxxx"
"null"	"xxxxxxxxxxxxxxxxxxxxxxxxx"	"xxxxxxxxxxxxxxxxxxxxxxxxxx"	"xxxxxxxxx xxxxxx xxxxxxx xxxxxx, xxxx-xxx"	"xxxxxxxxxxxx"
"null"	"xxxxxxxxxxxxxxxxxxxxxxxxxxxx"	"xxxxxxxxxxxxxxxxxxxxxxxxxxxx"	"x-xxxxx xxxxxxxx xxxxx.  xxxxxx xxxxx xxxxxxx xxx xxxxxx"	"xxxxxxxxxxxx"
"null"	"xxxxxxxxxxxxxxxxxxxxxxxxxxx"	"xxxxxxxxxxxxxxxxxxxxxxxxxxxxxxxxxxxxxxxxxxxxxxxxxxxxxxxxxxxxxxxxxxxxxxxxxxxxxxxxxxxxxxxxxxxxxxxxxxxxxxxxxxxxxxxxxxxxxxxxxxxxxxxxxxxxxxxxxxxxxxxxxxxxxxxxxxxxxxxxxxxxxxxxxxxxxxxxxxxxxxxxxxxxxxxxxxxxxxxxxxxxxxxxxxxxxxxxx"	"xxx xxxxxxxx xxxxxxxxxxx"	"xxxxxxxxxxxx"
"null"	"xxxxxxxxxxxxxxxxxxxxxxxxxxxxxxxxxxxxxxxxxxxxxxxxxxx"	"xxxxxxxxxxxxxxxxxxxxxxxxxxxxxxxxxxxxxxxx"	"xxx-xxxx-xxxx-x-xxxx xxxxxxxxxxx; xxxxx.x xxxx"	"xxxxxxxxxxxx"
"null"	"xxxxxxxxxxxxxxxxxxxxxxx"	"xxxxxxxxxxxxxxxxxxxxxxx"	"xxxx xxxxxxxx xxxxxxxxxx xx xxx xxxxxxxxxx xxxxxxx xxx-xxx-xxx.  xxxxxx xxxxx xxxxxx xx xxxxx"	"xxxxxxxxxxxx"
"null"	"xxxxxxxxxxxxxxxxxxxxxxxxxxxxxxxxxxxxxxxxxxxxxxxxxxxxxxxxxxxxxxxxxxxxxxxxxxxxxxxxxxxxxxxxxxxxxxxxxxxxxxxxxxxxxxxxxxxxxxxxxxxxxxxxxxxxxxxxxxxxxxxxxxxxxxxxxxxxxxxxxxxxxxxxxxxxxxxxxxxxxxxxxxxxxxxxxxxxxxxxxxxxxxxxxxxxxxxxxxxxxxxxxxxxxxxxxxxxxxxxxxxxxxxxxxxxxxxxxxxxxxxxxxxxxxxxxxxxxxxxxxxxxxxx"	"xxxxxxxxxxxxxxxxxxxxxxxxxxxxxxxxxxxxxxxxxxxxxxxxxxxxxxxxxxxxxxxxxxxxxxxxxxxxxxxxxxxxxxxxxxxxxxxxxxxxxxxxxxxxxxxxxxxxxxxxxxxxxxxxxxxxxxxxxxxxxxxxxxxxxxxxxxxxxxxxxxxxxxxxxxxxxxxxxxxxxxxxxxxxxxxxxxxxxxxxxxxxxxxxxxxxxxxxxxxxxxxxxxxxxxxxxxxxxxxxxxxxxxxxxxxxxxxxxxxxxxxxxxxxxxxxxxxxxxxxxxxxxxxx"	"x xxx xxxxxxxx xxxxxxxx xxxxx, xxxxxxxxxx xx xxx xxx xxxxxxxx xxxxxxx xxxx xxx xxxxxx xxxxxxxxx.  xxxxxxx xxxxxx xxxxxxxxxx xx xxxx xxx xxx xxxxxxxx"	"xxxxxxxxxxxx"
"null"	"xxxxxxxxxxxxxxxxxxxxxxxxxxxxxxxxxx"	"xxxxxxxxxxxxxxxxxxxxxxxxxxxxxxxxxx"	"xxxx xxxx xxxxxxxxxxx.  xxxxxxxxxx xxxx xxxxxxxxxx xxxx xxx"	"xxxxxxxxxxxx"
"null"	"xxxxxxxxxxxxxxxxxxxxxxxxxxxxxxxxxxxxxxxxxxxxxxxxxxxx"	"xxxxxxxxxxxxxxxxxxxxxxxxxxxxxxxxxxxxxxxxxxxxxxxxxxxxxxxxxxxxxxxxxxxxxxxxxxxxxxxxxxxxxxxxxxxxxxxxxxxxxxxxxxxxxxxxxxxxxxxxxxxxxxxxxxxxxxxxxxxxxxxxxxxxxxxxxxxxxxxxxxxxxxxxx"	"xxxxxxxxx xxxxxxxx xx xxx xx xxxxxxx xx xxxxx xx xxxxxxxxx xx xxxxxx x."	"xxxxxxxxxxxx"
"null"	"xxxxxxxxxxxxxxxxxxxxxxxx"	"xxxxxxxxxxxxxxxxxxxxxxxxx"	"xxxxxx xx xxxx xxxxx xxxxxxxx.  xxxxxxxxxx xxxxxx xxxx xxxxxxx xxxxxxxxxx xx xxx-xxx-xxxx-xxx xxxxxxx.  xxxx xxxxx xx xxxxx-xxx, xxx xx xx xxxxxxxx xxxxxxxxxx"	"xxxxxxxxxxxx"
"null"	"xxxxxxxxxxxxxx"	"xxxxxxxxxxx"	"xxxxxxxxxx xxx-xxxx-xxx"	"xxxxxxxxxxxx"
"null"	"xxxxxxxxxxxxxxxxxxxxxxxxxxxxxxxxxxxxx"	"xxxxxxxxxxxxxxxxxxxxxxxxxxxxxxxxxxxx"	"xxx xxxxxxxxxx xx xxxxxx"	"xxxxxxxxxxxx"
"null"	"xxxxxxxxxxxxxxxxxxxxxxxxxxxxxxxxxxxxxxxxxxxxx"	"xxxxxxxxxxxxxxxxxxxxxxxxxxxxxxxxxxxxxxxxxxxxx"	"xxx xxxxxx xxxxxx.  xxxx xxxx xxxxxxx xxxxxxxxxx xx xxx-xxxxxxxxx.  xxx xx xxx, xxx xxx - xxx, xx xxx xxx.  xxxxx xx x xxxxx xxxx xxx xxx xx xxxxxxx"	"xxxxxxxxxxxx"
"null"	"xxxxxxxxxxxxxxxxxxxxxxxxxxxxxx"	"xxxxxxxxxxxxxxxxxxxxxxxxxxxxxx"	"xxxx xxxxxxxxxx xxxx xxxxxx, xxxxxxxx xxxxxx xx xxxxxx xxxxxxxx xxxx.  xxxx xxxxx x xxxxxxxxx xxxxxx, xxxx xxxxxxx xx xxxx"	"xxxxxxxxxxxx"
"null"	"xxxxxxxxxxxxxxxxxxxxxxxxxxx"	"xxxxxxxxxxxxxxxxxxxxxxxxxxxx"	"xxx xxxxxxxx xxxx xx, xxxxx xx xxx xxxxxx xx xxx x xxxx"	"xxxxxxxxxxxx"
"null"	"xxxxxxxxxxxxxxxxxxxxxxxxxxxxxxxxxxxxxxxxxxxxx"	"xxxxxxxxxxxxxxxxxxxxxxxxxxxxxxxxxxxxxxxxxxxxxxxx"	"xxxx xxxx - xxx xxxxxxxxxxx xxxxxxxxxxxx"	"xxxxxxxxxxxx"
"null"	"xxxxxxxxxxxxxxxxxxxxxxxxx"	"xxxxxxxxxxxxxxxxxxxxxxxxxxx"	"xx-xx xxxxxxxx"	"xxxxxxxxxxxx"
"null"	"xxxxxxxxxxxxxxxxxxxxxxxxxxxx"	"xxxxxxxxxxxxxxxxxxxxxxxxxxxx"	"x-xxxxx xxxxxxxx xxxxx.  xxxxxx xxxxx xxxxxxx xxx xxxxxx"	"xxxxxxxxxxxx"
"null"	"xxxxxxxxxxxxxxxxxxxxxxxxxxx"	"xxxxxxxxxxxxxxxxxxxxxxxxxxx"	"xxx xxxxxx xxxxxxxxxx xx xx"	"xxxxxxxxxxxx"
"null"	"xxxxxxxxxxxxxxxxxxxxxxxxx"	"xxxxxxxxxxxxxxxxxxxxxxxxx"	"xxxx xxxxxxx xxxxxxxxx xxxxxxxxxxxx xx xxx xxxx x"	"xxxxxxxxxxxx"
"null"	"xxxxxxxxxxxxxxxxxxxxxxxxxxxxxxxxx"	"xxxxxxxxxxxxxxxxxxxxxxxxxxxxxxxxx"	"xxxxxxxxx xxxxxx xxxxxxx xxxxxx, xxxx-xxx"	"xxxxxxxxxxxx"
"null"	"xxxxxxxxxxxxxxxxxxxxxxxxxxxxxxxxx"	"xxxxxxxxxxxxxxxxxxxxxxxxxxxxxxxxxxxxxxx"	"xxxx xxxxxxx xxxxxxxxx xxxxxxxxxxxx xx xxx xxxx x"	"xxxxxxxxxxxx"
"null"	"xxxxxxxxxxxxxxxxxxxxxxxxxxxx"	"xxxxxxxxxxxxxxxxxxxxxxxxxxxx"	"xxxx xxxx xxxxxxxxxxx.  xxxxxxxxxx xxxx xxxxxxxxxx xxxx xxx"	"xxxxxxxxxxxx"
"null"	"xxxxxxxxxxxxxxxxxxxxxxxxxxx"	"xxxxxxxxxxxxxxxxxxxxxxxxxxx"	"xxxx xxxxxxxx xxxxxxxxxx xx xxx xxxxxxxxxx xxxxxxx xxx-xxx-xxx.  xxxxxx xxxxx xxxxxx xx xxxxx"	"xxxxxxxxxxxx"
"null"	"xxxxxxxxxxxxxxxxxxxxxxx"	"xxxxxxxxxxxxxxxxxxxxxxxx"	"xxx xxx xxxx xxxxxxxxxxx.  xxxx xxxxxxx xx xxx xxx xx xxxxx xx xxx xxx xxxxxxx xxx xxxxxxxxxxx, xxx xxx xxx xxxx xxxxxxxxx xx xxxxxxx"	"xxxxxxxxxxxx"
"null"	"xxxxxxxxxxxxxxxxxxxxxx"	"xxxxxxxxxxxxxxxxxxxxxx"	"xxxxxx xx xxxx xxxxx xxxxxxxx.  xxxxxxxxxx xxxxxx xxxx xxxxxxx xxxxxxxxxx xx xxx-xxx-xxxx-xxx xxxxxxx.  xxxx xxxxx xx xxxxx-xxx, xxx xx xx xxxxxxxx xxxxxxxxxx"	"xxxxxxxxxxxx"
"null"	"xxxxxxxxxxxxxxxxxxxxxxxxx"	"xxxxxxxxxxxxxxxxxxxxxxxxx"	"xxxxx xx xxx xxx xxxxxxxx xxxxxxxxx xx xxxxxxxxxx xxxxxx xxxxxx xxxxxx"	"xxxxxxxxxxxx"
"null"	"xxxxxxxxxxxxxxxxxxxxxx"	"xxxxxxxxxxxxxxxxxxxxxxx"	"xxxxxx xx xxxx xxxxx xxxxxxxx.  xxxxxxxxxx xxxxxx xxxx xxxxxxx xxxxxxxxxx xx xxx-xxx-xxxx-xxx xxxxxxx.  xxxx xxxxx xx xxxxx-xxx, xxx xx xx xxxxxxxx xxxxxxxxxx"	"xxxxxxxxxxxx"
"null"	"xxxxxxxxxxxxxxxxxxxxxxxxxxxxxxxxxxxxxxxxxxxxxxxxxxxxxxxxxxxxxxxxxxxxxxxxxxxxx"	"xxxxxxxxxxxxxxxxxxxxxxxxxxxxxxxxxxxxxxxxxxxxxxxxxxxxxxxxxxxxxxxxxxxxxxxxxxxxx"	"xxx xx, xxxx xxxxxxx xx xxxx, xx xxxx xxxxxxx xx xxxx"	"xxxxxxxxxxxx"
"null"	"xxxxxxxxxxxxxxxxxxxxxxxxxxxxxx"	"xxxxxxxxxxxxxxxxxxxxxxxxxxxxxxxxxx"	"xxxxx xx xxxxxxxxxxxx xx xxxxxx, xxxxxxxxxx xxxxxxx xxx xxx xxxxxxxxxx"	"xxxxxxxxxxxx"
"null"	"xxxxxxxxxxxxxxxxxxxxxxxxxxxxx"	"xxxxxxxxxxxxxxxxxxxxxxxxxxxxx"	"xxxxxxxxx xxxxxx xxxxxxx xxxxxx, xxxx-xxx"	"xxxxxxxxxxxx"
"null"	"xxxxxxxxxxxxxxxxxxxxxxxxxxxxxxxxx"	"xxxxxxxxxxxxxxxxxxxxxxxxxxxxxxxxxxx"	"xxxxx xx xxxx-xxx-xxxx-xxxx, xx xxxxxxxx xxxxxxx xxx xxx xxxxxx xxx xxx xxx xxxx xxxxx xxxxxxxxx"	"xxxxxxxxxxxx"
"null"	"xxxxxxxxxxxxxxxxxxxxxxxxxxxxxxxxxxxxxxxxx"	"xxxxxxxxxxxxxxxxxxxxxxxxxxxxxxxxxxxxxxxxxxxxx"	"xxx-xxx xxxxxxxxxx"	"xxxxxxxxxxxx"
"null"	"xxxxxxxxxxxxxxxxxxxxxxxxxxxxx"	"xxxxxxxxxxxxxxxxxxxxxxxxx"	"xxxx xxxxxxxxxx xxxx xxxxxx.  xxxxxxxx xxxxxxx xxxx xxxxx xx xxxxxxxx xxxxxxxx xxxx.  xxxxxxxxxx xxx xxx xxx xxxx xxxxxxxx xx xxxxxxx xxx xx-xxx-xxxx xxxxxxx xxxxxxxx"	"xxxxxxxxxxxx"
"null"	"xxxxxxxxxxxxxxxxxxxxxx"	"xxxxxxxxxxxxxxxxxxxxxx"	"xxxx xxx xx xxxx xxxxx, xxxxx xxxx"	"xxxxxxxxxxxx"
"null"	"xxxxxxxxxxxxxxxxxxxxxxxxxxxxxxxxxxxxxxxxxxxxxxxxxxx"	"xxxxxxxxxxxxxxxxxxxxxxxxxxxxxxxxxxxxxxxxxxxxxxxxxxx"	"xxx xxxxxxxx - xxxxxxxx xxxxx xx xxxx-xxx-xxx"	"xxxxxxxxxxxx"
"null"	"xxxxxxxxxxxxxxxxxxxxxxxxxxx"	"xxxxxxxxxxxxxxxxxxxxxxxxxxxxxxxxxxxxxx"	"xxxxx xxxxxxxxx xxx xx xxxx xx x xxxxx xxxxxx xx xxx xxxxxxxxxx"	"xxxxxxxxxxxx"
"null"	"xxxxxxxxxxxxxxxxxxxxxxxxxx"	"xxxxxxxxxxxxxxxxxxxxxxxxxxx"	"xxx xxxxx xxxxxx xxxxxxxxxx"	"xxxxxxxxxxxx"
"null"	"xxxxxxxxxxxxxxxxxxxxxxxx"	"xxxxxxxxxxxxxxxxxxxxxx"	"xxxxx xx xxx, xxxxxxx xx xxxx-xxxxxxx-xxxx-xxx xxxxxxx xxxxxxxx xxxxx"	"xxxxxxxxxxxx"
"null"	"xxxxxxxxxxxxxxxxxxxxxxxxxxxxxxxx"	"xxxxxxxxxxxxxxxxxxxxxxxxxxxxxxxx"	"xxxx xxxx xxxxxxxxxxx.  xxxxxxxxxx xxxx xxxxxxxxxx xxxx xxx"	"xxxxxxxxxxxx"
"null"	"xxxxxxxxxxxxxxxxxxxxxx"	"xxxxxxxxxxxxxxxxxxxxxx"	"xxx xxxxxxxxx"	"xxxxxxxxxxxx"
"null"	"xxxxxxxxxxxxxxxxxxxxxxxxxxxx"	"xxxxxxxxxxxxxxxxxxxxxxxxxxxx"	"xxxx xxxxxxxxxx xxx-xxxxxxx.  xxx xx xxxxxxx xx xxx xxx xxx xxx xxxxxxxx.  xx xxxxxxxx xxxxxxxxxx xxxxxxxxxxxxx"	"xxxxxxxxxxxx"
"null"	"xxxxxxxxxxxxxxxxxxxxxxxxxxxxxxxxxxxxxxxxxxxxxxxxxxxxxxxxxxxxxxxxxxxxxxxxxxxxxxxxxxxxxxxxxxxxxxxxxxxxxxxxxxxxxxxxxxxxxxxxxxxx"	"xxxxxxxxxxxxxxxxxxxxxxxxxxxxxxxxxxxxxxxxxxxxxxxxxxxxxxxxxxxxxxxxxxxxxxxxxxxxxxxxxxxxxxxxxxxxxxxxxxxxxxxxxxxxxxxxxxxxxxxxxxxx"	"xxx xx, xxxx xxxxxxx xx xxxx, xx xxxx xxxxxxx xx xxxx"	"xxxxxxxxxxxx"
"null"	"xxxxxxxxxxxxxxxxxxxxxxxxxxxxxxxxxxxxxxxxxxxxxxxxxxxxxxxxxxxxxxxxxxxxxxxxxxxxxxxxxxxxxxxxxxxxxxxxxxxxxxxxxx"	"xxxxxxxxxxxxxxxxxxxxxxxxxxxxxxxxxxxxxxxxxxxxxxxxxxxxxxxxxxxxxxxxxxxxx"	"xxxxxxxxxxx xxxxx xx xxxx-xxxxxx, xxxxx xxx xxxx xxxxxxxx xx xxx xxxxxxxx xxx.x xxxxxxxx xxxx"	"xxxxxxxxxxxx"
"null"	"xxxxxxxxxxxxxxxxxxxxxxxxxxxxxxx"	"xxxxxxxxxxxxxxxxxxxxxxxxxxxxxxx"	"xxx xxxx xxxxx xxxxxxxxxx"	"xxxxxxxxxxxx"
"null"	"xxxxxxxxxxxxxxxxxxxxxxxxxxxxxxxxxxxxxxxxxxxxxxx"	"xxxxxxxxxxxxxxxxxxxxxxxxxxxxxxxxxxxxxxxxxxxxxxx"	"xxxxx xx xxxx-xxx-xxxx-xxxx xxxxxxxx, xxxxxxx xxx xxx xxxx"	"xxxxxxxxxxxx"
"null"	"xxxxxxxxxxxxxxxxxxxxxxxxxxxxxxxxxxxxxxx"	"xxxxxxxxxxxxxxxxxxxxxxxxxxxxxxxxxxxxxxxxxxxx"	"xx-xxx-xxx.  xxx xxxxxx xxxxxxxx xx xxxx x xxxx xxxx xxxxxx"	"xxxxxxxxxxxx"
"null"	"xxxxxxxxxxxxxxxxxxxxxxxxx"	"xxxxxxxxxxxxxxxxxxxxxxxxxx"	"xxx xxxxx xxxxxx xxxxxxxxxx"	"xxxxxxxxxxxx"
"null"	"xxxxxxxxxxxxxxxxxxxxxxx"	"xxxxxxxxxxxxxxxxxxx"	"xxx xx-xxxxxxx xxxxxxx xxxxx.  xxx xxx xxxxx xxxxxxx xxxxxxxx.  xxxx xx xxx xxxxxxxx xxxxx xx xxxx xxx xxxx"	"xxxxxxxxxxxx"
"null"	"xxxxxxxxxxxxxxxxxxxxxxxxxxx"	"xxxxxxxxxxxxxxxxxxxxxxxxxx"	"xxxx xxxxxxx xxxxxxxxx xxxxxxxxxxxx xx xxx xxxx x"	"xxxxxxxxxxxx"
"null"	"xxxxxxxxxxxxxxxxxxxxxxxxx"	"xxxxxxxxxxxxxxxxxxxxxxxxx"	"xxxx xxxxxxxx xxxxx"	"xxxxxxxxxxxx"
"null"	"xxxxxxxxxxxxxxxxxxxxxxxxxxxxxx"	"xxxxxxxxxxxxxxxxxxxxxxxxxxxxxxxx"	"xxxx xxxx-xxxx xxxxxxxxxx, xxxxxxxx xxx xx xx xx xxxxxxxx"	"xxxxxxxxxxxx"
"null"	"xxxxxxxxxxxxxxxxxxxxxxxxxxxxxxxx"	"xxxxxxxxxxxxxxxxxxxxxxxxxxxxxxxx"	"xxxxxxxxxx xxxxxxx xxx xxx xxxx xxxx xxxxxxxx.  xxxx xx xxx xxx xxxxxxxx xxx xxxx xxxx, xxx xxx xxxxxxxx xxxx xxxxxxxx xxxx xxxx xxx xxx xxxx.  xxxx xxxxxxxxxx xxxxx xx xxxxxxx xx xxxx xxx xxxxxxxx xxxxxxxx xxxxxxxxx xxx xxxxxx xxx xxxxxxxx xxx x xxxx xxxx xxxxxxx.  xx xxx xxxxxxxxx xx xxx xxxx xxxxxxx xxxxxxxxxx xx xxxx-xxx-xxxx, xxxxx xxx xxx xxxxx xxxxxxxx"	"xxxxxxxxxxxx"
"null"	"xxxxxxxxxxxxxxxxxxxxxxxxxxxxxxxxxxxxxxxx"	"xxxxxxxxxxxxxxxxxxxxxxxxxxxxxxxxxxxxxxxxx"	"xxx-xxxx-xxxx-x-xxxx xxxxxxxxxxx; xxxx xxx"	"xxxxxxxxxxxx"
"null"	"xxxxxxxxxxxxxxxxxxxxxxxxxxxxxxxxxxxx"	"xxxxxxxxxxxxxxxxxxxxxxxxxxxxxxxxxxx"	"xxxxxx xxx xxxxxxxx xxxxx xxxxx xx xxx xxxx xxxxxxxxxx xxxxxx xxxx xxx-xxx xxxxxxxx.  xxxxxx xxxxx xxxx xxx xxxx xxx xxxxx xxxxxxxx, xx xxxxxxx xxxxxxxxxx xx xxx xxxxxxxxxx"	"xxxxxxxxxxxx"
"null"	"xxxxxxxxxxxxxxxxxxxxxxxxx"	"xxxxxxxxxxxxxxxxxxxxxxxxx"	"x-xxx-xxxx-xxx"	"xxxxxxxxxxxx"
"null"	"xxxxxxxxxxxxxxxxxxxxxxxxxxxxxxxxxxxxxxxxx"	"xxxxxxxxxxxxxxxxxxxxxxxxxxxxxxxxxxxxxxxxxxxx"	"xxxxx-xxx xxxxxxxxx"	"xxxxxxxxxxxx"
"null"	"xxxxxxxxxxxxxxxxxxxxxxxxxx"	"xxxxxxxxxxxxxxxxxxx"	"xxxxx xxx xx xxxxxxxx xxxx xxxxxxx xxxxxxxx xx xxx-xxxx-xxxx xxxxxxx"	"xxxxxxxxxxxx"
"null"	"xxxxxxxxxxxxxxxxxxxxxxxxxxxxxxxxxx"	"xxxxxxxxxxxxxxxxxxxxxxxxxxxx"	"xxxxxxxx xxxxx xx xxx-xxx xxxxxxxxxx, xxxx -x xx.  xxxxxxx xxx xx xxxx"	"xxxxxxxxxxxx"
"null"	"xxxxxxxxxxxxxxxxxxxxxxxxxxxxxxxxxx"	"xxxxxxxxxxxxxxxxxxxxxxxxxxxxx"	"xxxxxxxx x xxx xx xxxxx.  xxxxxxxx xxxxxxx xxxxxx xxx xx, xx xxxx xxxx"	"xxxxxxxxxxxx"
"null"	"xxxxxxxxxxxxxxxxxxxxxxxxxx"	"xxxxxxxxxxxxxxxxxxxxxxxxxxxx"	"xxxx xxxxxxxxxx xxx-xxxxxxx.  xxx xx xxxxxxx xx xxx xxx xx xxxx xxx xxxxxxxx.  xx xxxxxxxx xxxxxxxxxx xxxxxxxxxxxxx"	"xxxxxxxxxxxx"
"null"	"xxxxxxxxxxxxxxxxxxxxxxx"	"xxxxxxxxxxxxxxxxxxxxxxxx"	"xxxxx xxxxxxxx xxxxx"	"xxxxxxxxxxxx"
"null"	"xxxxxxxxxxxxxxxxxxxxxxxxxxxxxxxxxxxxxxxxxxxxxx"	"xxxxxxxxxxxxxxxxxxxxxxxxxxxxxxxxxxxxxxxxxxxxxxxxxxxxxxxx"	"xxxx xxxx xxxxxxxxxxxx xxxxxxx xx xx xx xxxxxx xx xxxx xxxxxxxxxx"	"xxxxxxxxxxxx"
"null"	"xxxxxxxxxxxxxxxxxxxxx"	"xxxxxxxxxxxxxxxxxxxxx"	"xxxx xxxxxxxx xxxxxxxxxx xx xxx xxxxxxxxxx xxxxxxx xxx-xxx-xxx.  xxxxx x->x xxxxxx xx xx, xxxxx xxxxxxxxx x xxxxxx xxxxxxxx, xx xxxxxxx xx xxxxxx xxxxxxxxxx"	"xxxxxxxxxxxx"
"null"	"xxxxxxxxxxxxxxxxxxxxxxxxxxxxxxxxxxxx"	"xxxxxxxxxxxxxxxxxxxxxxxxxxxxxxxxxxxxx"	"xxx xxxxxxxxxxx xxxx xxxx-xxx"	"xxxxxxxxxxxx"
"null"	"xxxxxxxxxxxxxxxxxxxxxxxxxxxxxx"	"xxxxxxxxxxxxxxxxxxxxxxxxxxxxxxxxxxx"	"xxx-xxxxxxxx.  xxx xxxxxx xxxxxx xxxxxxxxx, xxxx xxx xxx xxx"	"xxxxxxxxxxxx"
"null"	"xxxxxxxxxxxxxxxxxxx"	"xxxxxxxxxxxxxxxxxxxx"	"xxx xxxxx xxxxxx xxxxxxxxxx"	"xxxxxxxxxxxx"
"null"	"xxxxxxxxxxxxxxxxxxxxxxxxxxxxxxx"	"xxxxxxxxxxxxxxxxxxxxxxxxxxxxxxx"	"xxxx xxxxxxx xxxxxxxxx xxxxxxxxxxxx xx xxx xxxx x"	"xxxxxxxxxxxx"
"null"	"xxxxxxxxxxxxxxxxxxxxxxxxxxxxxx"	"xxxxxxxxxxxxxxxxxxxxxxxxxxxxxx"	"xxxx xxxx-xxxx xxxxxxxxxx, xxxxxxxx xxx xx xx xx xxxxxxxx"	"xxxxxxxxxxxx"
"null"	"xxxxxxxxxxxxxxxxxxxxxxxxxxxxxxxxxxxxxxxxx"	"xxxxxxxxxxxxxxxxxxxxxxxxxxxxxxxxxxxxxxxxx"	"xxx-xxxx-xxxx-x-xxxx xxxxxxxxxxx; xxx xxxxxxxx xxxxxx"	"xxxxxxxxxxxx"
"null"	"xxxxxxxxxxxxxxxxxxxxxxxxxxxxxx"	"xxxxxxxxxxxxxxxxxxxxxxxxxxxxxxx"	"xxx xx xxxxxx xxxxx.  xxxxxxxx xxxxx xxxxxxx.  xxxxxx xx xxxx xxxxxxx xx xxxx xx"	"xxxxxxxxxxxx"
"null"	"xxxxxxxxxxxxxxxxxxxxxxxxxxxxxxxxxxxx"	"xxxxxxxxxxxxxxxxxxxxxxxxxxxxxxxxxxxx"	"xxxxxx xx xxxxxx xxx xxxxxxxxx xxxxxxxx.  xxxx xx xx xxxxxxxxxx xxxxxx xxxxxxxx xxxxxxxx, xxxxx xx xxx xxxxxxxxxxx xx xx xxx xxxxxxxx xxxxxxx xxxxxxxx.  xxx xxxxxxxxxxxx xxxxxx xx xxxxxxxx xxx xxxxxxxxxxx, xx xxxx xx xxx xxxx xx xxx xxxx xxxx xx x xxxxxxxxxxx xxxxxxxxxx xxxxx xxxxxxxx"	"xxxxxxxxxxxx"
"null"	"xxxxxxxxxxxxxxxxxxxxxxxxxxx"	"xxxxxxxxxxxxxxxxxxxxxxxxxx"	"xxxx xxx xx xxxxxxxx xxxx xxxxxxx xxxxxxxx xx xxx-xxxx-xxxx xxxxxxx"	"xxxxxxxxxxxx"
"null"	"xxxxxxxxxxxxxxxxxxxxxxxxxxxxxxxxxxxxxxxxxxxxxxxxxxxxxxxxxxxxxxxxxxxxxxxxxxxxxxxxxxxxxxxxxxxxxxxxxxxxxxxxxxxxxxxxxxxxxxxxxxxxxxxxxxxxxxxxxxxxxxxxxxxxxxxxxxxxxxxxxxxxxxxxxxxxxxxxxxxxxxxxxxxxxxxxxxxxxxxxxxxxxxxxxxxxxxxxxxxxxxxxxxxxxxxxxxxxxxxxxxxxxxxxxx"	"xxxxxxxxxxxxxxxxxxxxxxxxxxxxxxxxxxxxxxxxxxxxxxxxxxxxxxxxxxxxxxxxxxxxxxxxxxxxxxxxxxxxxxxxxxxxxxxxxxxxxxxxxxxxxxxxxxxxxxxxxxxxxxxxxxxxxxxxxxxxxxxxxxxxxxxxxxxxxxxxxxxxxxxxxxxxxxxxxxxxxxxxxxxxxxxxxxxxxxxxxxxxxxxxxxxxxxxxxxxxxxxxxxxxxxxxxxxxxxxxxxxxxxxxx"	"xxxxx xxxxxx xxxxxxx, xxxxx xxxxxx xx xxxxxxx xxxxxx, xxxxxxxx xxxxx xxxxxxx xx xxx"	"xxxxxxxxxxxx"
"null"	"xxxxxxxxxxxxxxxxxxxxxxxxxx"	"xxxxxxxxxxxxxxxxxxxxxxxxxx"	"x-xxx-xxxx-xxx"	"xxxxxxxxxxxx"
"null"	"xxxxxxxxxxxxxxxxxxxxxxxx"	"xxxxxxxxxxxxxxxxxxxxxx"	"xxxxxxxx x xxx xx xxxxx.  xxx xxxxxx xx xxxxxxxx xxxx xxxxxxxxx xxxxx xxx xx xx x xx xxxxxxx xxxx xxxxxxxxxx xxxxxxxxx"	"xxxxxxxxxxxx"
"null"	"xxxxxxxxxxxxxxxxxxxxxxxxxxx"	"xxxxxxxxxxxxxxxxxxxxxxxxxxx"	"xxx xxxxx xxxxxx xxxxxxxxxx"	"xxxxxxxxxxxx"
"null"	"xxxxxxxxxxxxxxxxxxxxxxxxxxx"	"xxxxxxxxxxxxxxxxxxxxxxxxxxx"	"xxxx xxxxxxx xxxxxxxxx xxxxxxxxxxxx xx xxx xxxx x"	"xxxxxxxxxxxx"
"null"	"xxxxxxxxxxxxxxxxxxxxxxxxxxxx"	"xxxxxxxxxxxxxxxxxxxxxxxxxxxxx"	"xxx xxxxxx xxxxxxxx xxxxx xx xxx x xxxx.  xxxx xxxxx xxx x xxxx x xxxx.  xxxx xxxxx xxx xxxx xxxxx xx xxxxxxx xxxxxxxxxxx.  xxx?"	"xxxxxxxxxxxx"
"null"	"xxxxxxxxxxxxxxxxxxxxxxxxxxxxxxxxx"	"xxxxxxxxxxxxxxxxxxxxxxxxxxxxxxxxx"	"xxxxxxx xxxxxxxxxx xxxxx, xxxx xxxx xx xxxxx xxxxxxxxx xxxx xxx xxxxxxxx"	"xxxxxxxxxxxx"
"null"	"xxxxxxxxxxxxxxxxxxxxxxxxxxxxxxxxxxxxxxxxxxxxxxx"	"xxxxxxxxxxxxxxxxxxxxxxxxxxxxxxxxxxxxxxxxxxxxxxxxxxxxxxxxxxxxxxxxxxxxxxxxxxxxxxxxxxx"	"xxxx xxxxxxxxxx xxx-xxxxx"	"xxxxxxxxxxxx"
"null"	"xxxxxxxxxxxxxxxxxxxxxxx"	"xxxxxxxxxxxxxxxxxxxxxxx"	"xxxxxxxx xxxxxx xx xxxxxxx xxxxxx"	"xxxxxxxxxxxx"
"null"	"xxxxxxxxxxxxxxxxxxxxxxxxxxxxxxxxxxxxxxxxxxxxxxxxxxxxxxxxxxxxxxxxxxxxxxxxxxxxxxxxxxxxxxxxxxxxxxxxxxxxxxxxxxxxx"	"xxxxxxxxxxxxxxxxxxxxxxxxxxxxxxxxxxxxxxxxxxxxxxxxxxxxxxxxxxxxxxxxxxxxxxxxxxxxxxxxxxxxxxxxxxxxxxxxxxxxxxxxxxxxx"	"xxxx xxxxxxxxxx xxxx-xxxx, xxxx xxx"	"xxxxxxxxxxxx"
"null"	"xxxxxxxxxxxxxxxxxxxxxx"	"xxxxxxxxxxxxxxxxxxxxxxx"	"xxxx xxxxxxxx xxxxxxxxxx xx xxx xxxxxxxxxx xxxxxxx xxx-xxx-xxx.  xx xxxxxxx xxxxxxxxxxxx"	"xxxxxxxxxxxx"
"null"	"xxxxxxxxxxxxxxxxxxxxxxxxxxxxxxxxxxxxxxxxxxxxxxxxxxxxxxxxxxxxxxx"	"xxxxxxxxxxxxxxxxxxxxxxxxxxxxxxxxxxxxxxxxx"	"xxx-xxxx-xxxx-x-xxxx xxxxxxxxxxx; xxxx xxx xxxxxxxxxx"	"xxxxxxxxxxxx"
"null"	"xxxxxxxxxxxxxxxxxxxxxxxxxxxxxxxxxxxxxxxxxxxxxxxxxxxxxxxxxxxxxxxxxxxxxxxxxxxxxxxxxxxxxxxxxxxxxxxxxxxxxxxxxxxxxxxxxxxxxxxxxxxxxxxxxxxxxxxxxxxxxxxxxxxxxxxxxxxxxxxxxxxxxxxxxxxxxxxxxxxxxxxxxxxxxxxxxxxxxxxxxxxxxxxxxxxxxxxxxxxxxxxxxxxxxxxxxxxxxxxxxxxxxxxxxxxxxxxxxxxxxxxxxxxxxxxxxxxxxxxxxxxxxxxxxxxxxxxxxxxxxxxxxxxxxxxxxxxxxxxxxxxxxxxxxxxxxxxxxxxxxxxxxxxxxxxxxxxxxxxxxxxxxxxxxxxxxxxxxxxxxxxxxxxxxxxxxxxxxxxxxxxxxxxxxxxxxxxxxxxxxxxxxxxxxxxxxxxxxxxxxxxxxxxxxxxxxxxxxxxxxxxxxxxxxxxxxxxxxxxxxxxxxxxxxxxxxxxxxxxxxx"	"xxxxxxxxxxxxxxxxxxxxxxxxxxxxxxxxxxxxxxxxxxxxxxxxxxxxxxxxxxxxxxxxxxxxxxxxxxxxxxxxxxxxxxxxxxxxxxxxxxxxxxxxxxxxxxxxxxxxxxxxxxxxxxxxxxxxxxxxxxxxxxxxxxxxxxxxxxxxxxxxxxxxxxxxxxxxxxxxxxxxxxxxxxxxxxxxxxxxxxxxxxxxxxxxxxxxxxxxxxxxxxxxxxxxxxxxxxxxxxxxxxxxxxxxxxxxxxxxxxxxxxxxxxxxxxxxxxxxxxxxxxxxxxxxxxxxxxxxxxxxxxxxxxxxxxxxxxxxxxxxxxxxxxxxxxxxxxxxxxxxxxxxxxxxxxxxxxxxxxxxxxxxxxxxxxxxxxxxxxxxxxxxxxxxxxxxxxxxxxxxxxxxxxxxxxxxxxxxxxxxxxxxxxxxxxxxxxxxxxxxxxxxxxxxxxxxxxxxxxxxxxxxxxxxxxxxxxxxxxxxxxxxxxxxxxxxxxxxxx"	"xxx xxx & xxx xxxx xxx xxxxxxxxxx xxxxxx x, xx xxxxx xxxxx xxxxxxxx xxxx xxxx xx xxx xxxx xxxxxx.  xxxxxxx xxxx xxxxxxxx xxxxxxx xxx xx x xxxxxx xxxx x, xx xxx xxx xxxx xxx xxxxxxxx xxxxxxxxxxx"	"xxxxxxxxxxxx"
"null"	"xxxxxxxxxxxxxxxxxxxxxxx"	"xxxxxxxxxxxxxxxxxxxxxxxxxx"	"xxxxxx xx xxxxxx xxx xxxxxxxxx xxxxxxxx.  xxxx xxx xx xx xxx xxx xxxxxxxx, xxx xxxx xxx xxxxxx xxx xxxxxx xxxxxxxx"	"xxxxxxxxxxxx"
"null"	"xxxxxxxxxxxxxxxxxxxxxxxxxxxxxxxxxxxxxx"	"xxxxxxxxxxxxxxxxxxxxxxxxxxxxxxxxxxxx"	"xxxxx xxxx x xxxx xx xxx-xxx-xxx-xxx.  xxxx xxxxxxxx xx xxxxxxxxxx xxx xx xxx xxx xxxxxxxxxx.  xxxxxxxx xxxx xxxxxx xx x xxx xxxxx xxxxxxxxxx xxxxx xx xxx xxxxx xxx"	"xxxxxxxxxxxx"
"null"	"xxxxxxxxxxxxxxxxxxxxxxxxxxxxxxx"	"xxxxxxxxxxxxxxxxxxxxxxxxxxxxxx"	"xxxxxxxx x xxx xxxxxx xx xxxxx.  xx xxxx xxx xxxxx xxx xx xxxxxxxx x xxxxxxx xxxxx xx xx"	"xxxxxxxxxxxx"
"null"	"xxxxxxxxxxxxxxxxxxxxxx"	"xxxxxxxxxxxxxxxxxxxxxx"	"xxx xxxxxxxx xxxxxxxx xxxxxx xxxx xxxx xxxxxxxx xx xxxxx xxxxxxx, xx xxx-xxxx-xxx"	"xxxxxxxxxxxx"
"null"	"xxxxxxxxxxxxxxxxxxxxxxxxxxxxxxxxxxxx"	"xxxxxxxxxxxxxxxxxxxxxxxxxxxxxxxxxxxx"	"xxx-x xxxxxx xxxxxx xxxxxx xxxx xxxxxxxxx xxxxxxxx"	"xxxxxxxxxxxx"
"null"	"xxxxxxxxxxxxxxxxxxxx"	"xxxxxxxxxxxxxxxxxxxx"	"xxxx xxxxxxxx xxxxxxxxxx xx xxx xxxxxxxxxx xxxxxxx xxx-xxx-xxx. xxxxx x->x xxxxxx xx xxx xx,xx x.  xxxx xxxxxxxx xxxxxxxxxx xxxxxxxx xxx x xxxx xxxxxxxxxxx"	"xxxxxxxxxxxx"
"null"	"xxxxxxxxxxxxxxxxxxxxxxxxxxxxxxxxxxxxxxx"	"xxxxxxxxxxxxxxxxxxxxxxxxxxxxxxxxxxxxxxx"	"xxxxxxxxxxxx xxxxxxxx xxxxx xx xx-xxxxxxx xxxxxxxx xxxxxxx xxx xxx x xxxxx"	"xxxxxxxxxxxx"
"null"	"xxxxxxxxxxxxxxxxxxxxxxxxxxxxxx"	"xxxxxxxxxxxxxxxxxxxxxxxxxxxxxxx"	"xxx xxxxx xxxxxx xxxxxxxxxx"	"xxxxxxxxxxxx"
"null"	"xxxxxxxxxxxxxxxxxxxxxxxxxxxxxxxx"	"xxxxxxxxxxxxxxxxxxxxxxxxxxxxxxxx"	"xxxxxxxx xxxxxx xx xxxxxxx xxxxxx"	"xxxxxxxxxxxx"
"null"	"xxxxxxxxxxxxxxxxxxxxxxxxxxxxxx"	"xxxxxxxxxxxxxxxxxxxxxxxxxxxxxx"	"xxxx xxxxxxx xxxxxxxxx xxxxxxxxxxxx xx xxx xxxx x"	"xxxxxxxxxxxx"
"null"	"xxxxxxxxxxxxxxxxxxxxxxxxxxxxxxxxxxxxxxx"	"xxxxxxxxxxxxxxxxxxxxxxxxxxxxxxxxxxxxx"	"xxxx xxxxxxxxxx xxxx-xxxx, xx xxx xx; xxxxxxxx xxxxxxx xxxxxxx xxx xxxxxxxx"	"xxxxxxxxxxxx"
"null"	"xxxxxxxxxxxxxxxxxxxxxxxxxxxxxx"	"xxxxxxxxxxxxxxxxxxxxxxxxxxxxxx"	"xxxx xxxxxxxx xxxxxxxxxx xx xxx xxxxxxxxxx xxxxxxx xxx-xxx-xxx.  xx xxxxxxx xxxxxxxxxxx"	"xxxxxxxxxxxx"
"null"	"xxxxxxxxxxxxxxxxxxxxxxxxxxxxxxxxxxxxxxxxxxxxxxxxx"	"xxxxxxxxxxxxxxxxxxxxxxxxxxxxxxxxxxxxxxxxxxxxxxxxx"	"xxxx xxxxxxxxxx xxxx-xxxx, xxxx xxx"	"xxxxxxxxxxxx"
"null"	"xxxxxxxxxxxxxxxxxxxxxxxxxxxxxx"	"xxxxxxxxxxxxxxxxxxxxxxxxxxxxxxxxxxx"	"xxxxxxxxxx xxx xxx xxxxxxxx xx xxx-xxxx-xxxx.  xxxxxxxx xxxxxxx xxxxx xx xxxx-xxxx xxx"	"xxxxxxxxxxxx"
"null"	"xxxxxxxxxxxxxxxxxxxxxxxxxxxxxxxxxxxxxxxxx"	"xxxxxxxxxxxxxxxxxxxxxxxxxxxxxxxxxxxxxxxxx"	"xxx-xxxx-xxxx-x-xxxx xxxxxxxxxxx; xxxx xxxxxx.  xxxx xxxxx xx xxxxxxxxx xx xxx xxxxx xxxxx.  xxxx xxx x xxxx xxx xxxxxxxx, xxx xx xxx xxxx xxxxxxxx xxxxx xxxx xxxx xxxxxxx, xx xxxxx xxxx xxxx xxx xxxx-xxxx xxxxxxxx.  xxxx xx xxxxxxx xx xxxx xxxx xxxxxx xx xxx xxx xxxxxx xx xxxx xxxxx xxxxxxxx xxxx xxxxxxxxx xx xxxxxxx xxxx xxxx xxx x xxxxxxxx.  xxxx xxxxxx xxx xxxx xxx xxxx xxxxxxxxxx.  xxxxxxxxxx?"	"xxxxxxxxxxxx"
"null"	"xxxxxxxxxxxxxxxxxxxxxxxxxxxxxxxxxxxxxxxxxxxxxxxxxxxxxxxxxxxxxxxxxxxxxxxxxxxxxxxxxxxxxxxxxxxxxxxxxxxxxxxxxxxxxxxxxxxxxxxxxxxxxxxxxxxxxxxxxxxxxxxxxxxxxxxxxxxxxxxxxxxxxxxxxxxxxxxxxxxxxxxxxxxxxxxxxxxxxxxxxxxxxxxxxxxxxxxxxxxxxxxxxxxxxxxxxxxxxxxxxxxxxxxxxxxxxxxxxxxxxxxxxxxxxxxxxxxxxxxxxxxxxxxxxxxxxxxxxxxxxxxxxxxxxxxxxxxxxxxxxxxxxxxxxxxxxxxxxxxxxxxxxxxxxxxxxxxxxxxxxxxxxxxxxxxxxxxxxxxxxxxxxxxxxxxxxxxxxxxxxxxxxxxxxxxxxxxxxxxxxxxxxxxxxxxxxxxxxxxxxxxxxxxxxxxxxxxxxxxxxxxxxxxxxxxxxxxxxxxxxxxxxxxxxxxxxxxxxxxx"	"xxxxxxxxxxxxxxxxxxxxxxxxxxxxxxxxxxxxxxxxxxxxxxxxxxxxxxxxxxxxxxxxxxxxxxxxxxxxxxxxxxxxxxxxxxxxxxxxxxxxxxxxxxxxxxxxxxxxxxxxxxxxxxxxxxxxxxxxxxxxxxxxxxxxxxxxxxxxxxxxxxxxxxxxxxxxxxxxxxxxxxxxxxxxxxxxxxxxxxxxxxxxxxxxxxxxxxxxxxxxxxxxxxxxxxxxxxxxxxxxxxxxxxxxxxxxxxxxxxxxxxxxxxxxxxxxxxxxxxxxxxxxxxxxxxxxxxxxxxxxxxxxxxxxxxxxxxxxxxxxxxxxxxxxxxxxxxxxxxxxxxxxxxxxxxxxxxxxxxxxxxxxxxxxxxxxxxxxxxxxxxxxxxxxxxxxxxxxxxxxxxxxxxxxxxxxxxxxxxxxxxxxxxxxxxxxxxxxxxxxxxxxxxxxxxxxxxxxxxxxxxxxxxxxxxxxxxxxxxxxxxxxxxxxxxxxxxxxxx"	"xxx xxx & xxx xxxx xxx xxxxxxxxxx.  xxxxxxx xxxx xxxxxxxx xxxxxxx xxx xx x xxxxxx xxxx x, xx xxx xxx xxxx xxx xxxxxxxx xxxxxxxxxxx"	"xxxxxxxxxxxx"
"null"	"xxxxxxxxxxxxxxxxxxxxx"	"xxxxxxxxxxxxxxxxxxxxxx"	"x xxxxxxxxx xxxxxxx xxx xxxxxxx xxxxxxxxx xx xxxx xxxx xxxx xxx xxxxxx xxxxxx xxxxxxx xx xxx xxxx"	"xxxxxxxxxxxx"
"null"	"xxxxxxxxxxxxxxxxxxxxxxxxxxxxxxxxxxxxxxx"	"xxxxxxxxxxxxxxxxxxxxxxxxxxxxxxxxxxxxxx"	"xxxxxx xx xxxx xxxxx xxxxxxxx.  xxxxxxxxxx xxxxxx xxxx xxxxxxx xxxxxxxxxx xx xxx-xxx-xxxx-xxx xxxxxxx.  xxxx xxxxx xx xxxxx-xxx, xxx xx xx xxxxxxxx xxxxxxxxxx"	"xxxxxxxxxxxx"
"null"	"xxxxxxxxxxxxxxxxxxxxxxxxxxxxxxxxxx"	"xxxxxxxxxxxxxxxxxxxxxxxxxxxxxxxxxxxxxxxxx"	"xxxxxxxxx xxxxxx xxxxxxx xxxxxx, xxxx-xxx"	"xxxxxxxxxxxx"
"null"	"xxxxxxxxxxxxxxxxxxxxxxxxxxxxxxxxxxxx"	"xxxxxxxxxxxxxxxxxxxxxxxxxxxxxxxxxxxx"	"xxx-x xxxxxxxx xxxxxx xxxx xxxxxxxxx xxxxxxxx"	"xxxxxxxxxxxx"
"null"	"xxxxxxxxxxxxxxxxxxxxxxxxxxxxxxxxxxxxxxxxxxxxxxxxxxxxxxxxxxxxxxxxxxxxxxxxxxxxxxxxxxxxxxxxx"	"xxxxxxxxxxxxxxxxxxxxxxxxxxxxxxxxxxxxxxxxxxx"	"xxxx xxxxxxxx xx xxxxxxx, xxxxxxxxxx xxxx x xxxxx"	"xxxxxxxxxxxx"
"null"	"xxxxxxxxxxxxxxxxxxxxxxxxxxxxxxxxx"	"xxxxxxxxxxxxxxxxxxxxxxxxxxxxxxxxxx"	"xxxxxxxxxx xx xx-xxxxxxx xxx xxx xxxxxxxxxxx.  xxxxxxx xxx xxxx x xxxx"	"xxxxxxxxxxxx"
"null"	"xxxxxxxxxxxxxxxxxxxxxxxx"	"xxxxxxxxxxxxxxxxxxxxxxxxxxxx"	"xxxxxxxxxx xx-xxxxxxx.  xxxx xxxxxxxxxx xxxx xxx xxxxx xx xx-xxxxxxxx-xxx"	"xxxxxxxxxxxx"
"null"	"xxxxxxxxxxxxxxxxxxxxxxxxxxxxxxxxxxxxxxxxxxxxxxxxx"	"xxxxxxxxxxxxxxxxxxxxxxxxxxxxxxxxxxxxxxxxxxxxxxxxxx"	"xxxx xxxxxxxxxxxx xx xxx-xxx.  xxxxxx xx xxxx xx xxxxxxxx"	"xxxxxxxxxxxx"
"null"	"xxxxxxxxxxxxxxxxxxxxxxxxxxxxxxxxx"	"xxxxxxxxxxxxxxxxxxxxxxxxxxx"	"xxxx xxxxxxxx xxxxxxxxxx xx xxx xxxxxxxxxx xxxxxxx xxx-xxx-xxx.  xxxxxxx xxx xxxxxx xxxx xxx xxx xxxx, xxxx xxxxxxxx, xx xx xxxxxxx xxxxxx xxxxxxxx.  xxxxxxx xx x xxxxxxxxxxx xxxxxxxx, xxx xxxx xxxxxxxx xxx x"	"xxxxxxxxxxxx"
"null"	"xxxxxxxxxxxxxxxxxxxxxxxxxxxxxxxxxxxx"	"xxxxxxxxxxxxxxxxxxxxxxxxxxxxxxxxxxxx"	"xxxxxxxx xxxxxx xx xxxxxxx xxxxxx"	"xxxxxxxxxxxx"
"null"	"xxxxxxxxxxxxxxxxxxxxxxxxxxxxxxxxxxxxxxxxxx"	"xxxxxxxxxxxxxxxxxxxxxxxxxxxxxxxxxxxxxxxxxx"	"xxxx xxxx-xxxx xxxxxxxxxx, xxxx xxx"	"xxxxxxxxxxxx"
"null"	"xxxxxxxxxxxxxxxxxxxxx"	"xxxxxxxxxxxxxxxxxxxxx"	"xxxx xxxxxxxx xxxxxxxxxx xx xxx xxxxxxxxxx xxxxxxx xxx-xxx-xxx.  xxxx xxxxxxx x xxx xxxxx xx xxx xxxxxxxxxxx xxxxxxx xx x xxx"	"xxxxxxxxxxxx"
"null"	"xxxxxxxxxxxxxxxxxxxxx"	"xxxxxxxxxxxxxxxxxxx"	"xxx-xxxxx xxxxxxxx xxxxxx, xxxxxxxxxx xx xxx xx-xx-xxxx.  xxxx xx xx xxx xxxxxxxx xx xxxxxxxxxxxx xxx xxx xxx xxxxx"	"xxxxxxxxxxxx"
"null"	"xxxxxxxxxxxxxxxxxxxxxxxxxxxxxxxxxxxxxxxxxxx"	"xxxxxxxxxxxxxxxxxxxxxxxxxxxxxxxxxxxxxxxxx"	"xxx-xxxx-xxxx-x-xxxx xxxxxxxxxxx; xxx xxxxxxxx xxxxxx & xxxxx"	"xxxxxxxxxxxx"
"null"	"xxxxxxxxxxxxxxxxxxxxxxxxxxxxxx"	"xxxxxxxxxxxxxxxxxxxxxxxxxxxxxxx"	"xxx xxxxxxxx xxxxxxxx xxxxxx xxxx xxxx xxxxxxxx xx xxxxx xxxxxxx, xx xxx-xxxx-xxx"	"xxxxxxxxxxxx"
"null"	"xxxxxxxxxxxxxxxxxxxx"	"xxxxxxxxxxxxxxxxxxxx"	"xxx xxx xxxx xxxxxxxxxxx.  xxxx xxxxxxxxxx xxxxxx xxx xx xxxxxxx xx xxxx-xxxx"	"xxxxxxxxxxxx"
"null"	"xxxxxxxxxxxxxxxxxxxxxxxxxxxxxxxxxxxxxxxxxxx"	"xxxxxxxxxxxxxxxxxxxxxxxxxxxxxxxxxxxxxxxx ""test"""	"<p>xxx-xxxx-xxxx-x-xxxx xxxxxxxxxxx; xxxxxxxx xxxxxxx xxx xxx xxx xxxxxxxx</p>"	"misc_feature"
"null"	"xxxxxxxxxxxxxxxxxxxxxxxxxxxxxxxxxxxxxxxxxxxxxxxx"	"xxxxxxxxxxxxxxxxxxxxxxxxxxxxxxxxxxxxxxxxxxxxxxxx"	"xxxxxxx xxx xxxxxxxx xxx xxxxxxxxx xxxxxxxxxxx.  xxxxxx xxx xx xxxxxxxxx"	"xxxxxxxxxxxx"
"null"	"xxxxxxxxxxxxxxxxxxxxxxxxxxxxxxxx"	"xxxxxxxxxxxxxxxxxxxxxxxxxxxxxxxx"	"xxxx-xxxxxxxxx xxxxxx xxxxx xxxxx xx xxxxxxxx xxx xx xxxxxxxx xxxx xx xxxxxxxxx xxxx xxxxxxxx.  xxx xxxxxxxxx xxxxxxx xxxxx xxx x xxxxxx xx xxxxxxxx xx, xxxxx x xxxx xxx xxxxx xx xxx xxxxx xxxxxxx xxxxxxxx xx xx xxxxxxxxxx, xxx xx xxx xxxxxx xxxxxxxx xx xxxx. xxxxxxxxxx xxxxx xxxx xxxxxxxxxx xxxx-xxxxx xx-xx-xxxx xxx"	"xxxxxxxxxxxx"
"null"	"xxxxxxxxxxxxxxxxxxxxx"	"xxxxxxxxxxxxxxxxxxxx"	"xxx-x-xxxx xxxxxxxxxx.  xxxxx x xxxxx xxxx x xxxx"	"xxxxxxxxxxxx"
"null"	"xxxxxxxxxxxxxxxxxxxxxxxxx"	"xxxxxxxxxxxxxxxxxxxxxxxxxx"	"xxxxxx xx xxxx xxxxx xxxxxxxx.  xxxxxxxxxx xxxxxx xxxx xxxxxxx xxxxxxxxxx xx xxx-xxx-xxxx-xxx xxxxxxx.  xxxx xxxxx xx xxxxx-xxx, xxx xx xx xxxxxxxx xxxxxxxxxx"	"xxxxxxxxxxxx"
"null"	"xxxxxxxxxxxxxxxxxxxxxxxxx"	"xxxxxxxxxxxxxxxxxxxxxxxxx"	"xxxx xxxxxxxx xxxxxxxxxx xx xxx xxxxxxxxxx xxxxxxx xxx-xxx-xxx.  xxxx xx x xxxxxx xxxxx xxxxxx xx xxxx xxx"	"xxxxxxxxxxxx"
"null"	"xxxxxxxxxxxxxxxxxxxxxxxxxx"	"xxxxxxxxxxxxxxxxxxxxxxxxxx"	"xxx xx xxxxx"	"xxxxxxxxxxxx"
"null"	"xxxxxxxxxxxxxxxxxxxxxxxxxxxxx"	"xxxxxxxxxxxxxxxxxxxxxxxxxxxxxx"	"xxxxxxxxx xxxxxx xxxxxxx xxxxxx, xxxx-xxx"	"xxxxxxxxxxxx"
"null"	"xxxxxxxxxxxxxxxxxxxxxxxx"	"xxxxxxxxxxxxxxxxxxxxxxxx"	"xxxxxxx xx xxxxxxxx"	"xxxxxxxxxxxx"
"null"	"xxxxxxxxxxxxxxxxxxxxxxxxxxxxxxxxxxxxxxx"	"xxxxxxxxxxxxxxxxxxxxxxxxxxxxxxxxxxxxxxx"	"xxxx xxxxxxx xxxxxxxxx xxxxxxxxxxxx xx xxx xxxx x"	"xxxxxxxxxxxx"
"null"	"xxxxxxxxxxxxxxxxxxxxxxxx"	"xxxxxxxxxxxxxxxxxxxxxxx"	"xxxxx xxxxxxxxxxx.  xxxx xxxxxxxx xxx xxxx xxxxx xx xxxxx xx xxxx xxxxxxxx xxxxx xxxx xxxxx xxx xxxxxxx xxxxxxxx.  xx xxxxxxxx x xxxxxxxx xx xxx xxxxxxxx xxxxxxxxxx xxxx xxx xxxxxx xxxxx xx xxx xxxx xxxxx xxxx, xxxx xxxxxxxx xx xxx xxxxxxxxxx.  xxxx xxxxxxxxxx xx xxx xxx xxxx xxx xxxxxxxx, xxx xxxx xx xxx.  xxxxx xx xx xxxxxxxx xxxxxxxxxxx xxxxxx xxxxxxxxxxxx, xxx xxx xxxxxxxx xxx xxxxxx xxx xxxxxxxxxxx xx xxxx xxxxxxxxxx xxxxxxx.  xxx xxxxx, x. xx xx., xxxx, xxx xxx, xxxx"	"xxxxxxxxxxxx"
"null"	"xxxxxxxxxxxxxxxxxxxxxxxxxxxxx"	"xxxxxxxxxxxxxxxxxxxxxxxxxxxxx"	"xxx-xxxxx xxxxxxxx xxxxxx, xxxxxxxxxx xx xxx xx-xx-xxxx.  xxxxx xxx xx xxx xxx xxxxxx.  xxxx xxxxxxxx xxx xxxxx xx xx xxxxxxx xxx xxx xxx xxxxxxx, xx x xxxxxx xxxxxxxxxxx xxxxx xxx xxxxxxxxxx"	"xxxxxxxxxxxx"
"null"	"xxxxxxxxxxxxxxxxxxxxxxxx"	"xxxxxxxxxxxxxxxxxxxxxxxx"	"xxxx xxxxxxxx xxxxxxxxxx xx xxx xxxxxxxxxx xxxxxxx xxx-xxx-xxx.  xxxxxx xxxxxx xx xxx xxxx xxxxxxx"	"xxxxxxxxxxxx"
"null"	"xxxxxxxxxxxxxxxxxxxxxxxxxxxxxxxxxxx"	"xxxxxxxxxxxxxxxxxxxxxxxxxxxxxxxxxxx"	"xxxx xxxx-xxxx xxxxxxxxxx, xxxx xxx"	"xxxxxxxxxxxx"
"null"	"xxxxxxxxxxxxxxxxxxxxxxxxxxxxxxxxxxxxxxxxxx"	"xxxxxxxxxxxxxxxxxxxxxxxxxxxxxxxxxxxxxxxxx"	"xxx-xxxx-xxxx-x-xxxx xxxxxxxxxxx; xxxxxx xx xxxxxxxxx"	"xxxxxxxxxxxx"
"null"	"xxxxxxxxxxxxxxxxxxxxxxxxxxxxxxxxxxxxxxxxxxxxxxxxxxxxxxxx"	"xxxxxxxxxxxxxxxxxxxxxxxxxxxxx"	"xxx x xxxxx xxxxxxxxxx"	"xxxxxxxxxxxx"
"null"	"xxxxxxxxxxxxxxxxxxxxxxxx"	"xxxxxxxxxxxxxxxxxxxxxxxx"	"xxx xxx xxxx xxxxxxxxxxx"	"xxxxxxxxxxxx"
"null"	"xxxxxxxxxxxxxxxxxxxxxxxxxxxxxx"	"xxxxxxxxxxxxxxxxxxxxxxxxxxxxxx"	"xxxx xxxxx xx xxxxxx xxxxxxx xxx xxx xxx.  xxxx xxxxx xx xxx xxxxxxxxx xx xxx, xxx xxxxx xx xx xxx.  xxxxx xx xxxxxxx xxxx xxxxxxxx"	"xxxxxxxxxxxx"
"null"	"xxxxxxxxxxxxxxxxxxxxxxxxxxxxxxxxxxxxxxxxxxxxxxxxxxxxxxxxxxxxxxxxxxxxxxxxxxx"	"xxxxxxxxxxxxxxxxxxxxxxxxxxxxxxxxxxxxxxxxxxxxxxxxxxxxxxxxxxxxxxxxxxxxxxxxxxx"	"xxxxxxxxx xxxxxxxxx xxxx xxxx xxxxxxxxxx xxxxxxx.  xxxxx xxxxxxxxxx xxxx xxx xxxxxxxxx xxxx xxxxxx xxxx x xxx x xxxx"	"xxxxxxxxxxxx"
"null"	"xxxxxxxxxxxxxxxxxxxxxxxxxxxx"	"xxxxxxxxxxxxxxxxxxxxxxxxxxxx"	"xxxxx xxxxxxxx xxxxx xxxxx xx xxx xxxxxxxxx, xxxxxxxxxx xxxx xxxxxxxx, xxx xxx xxxxxxxxx xx xxx xxxxx xxxxx.  xxxxx xx xxxxxx-xxx-xxxxxxxxxxx"	"xxxxxxxxxxxx"
"null"	"xxxxxxxxxxxxxxxxxxxxxxxxxxx"	"xxxxxxxxxxxxxxxxxxxxxxxxxxxx"	"xxxxxx xx xxxx xxxxx xxxxxxxx.  xxxxxxxxxx xxxxxx xxxx xxxxxxx xxxxxxxxxx xx xxx-xxx-xxxx-xxx xxxxxxx.  xxxx xxxxx xx xxxxx-xxx, xxx xx xx xxxxxxxx xxxxxxxxxx"	"xxxxxxxxxxxx"
"null"	"xxxxxxxxxxxxxxxxxxx"	"xxxxxxxxxxxxxxxxxxxxx"	"xxxxx-xxx xxxxxxxxx"	"xxxxxxxxxxxx"
"null"	"xxxxxxxxxxxxxxxxxxxxxxxxxxxxxxxxxxx"	"xxxxxxxxxxxxxxxxxxxxxxxxxxxxxxxxxxx"	"xxxx xxxxxxx xxxxxxxxx xxxxxxxxxxxx xx xxx xxxx x"	"xxxxxxxxxxxx"
"null"	"xxxxxxxxxxxxxxxxxxxxxxxxxxx"	"xxxxxxxxxxxxxxxxxxxxxxxxxxx"	"xxxx xxxxxxxx xxxxxxxxxx xx xxx xxxxxxxxxx xxxxxxx xxx-xxx-xxx.  x->x xxxxxx xx xxxxx, xxxx xxxx xxx x-xxxxxxxx"	"xxxxxxxxxxxx"
"null"	"xxxxxxxxxxxxxxxxxxxxxxxxxxxxxxxxxxxxxxxxxxxx"	"xxxxxxxxxxxxxxxxxxxxxxxxxxxxxxxxxxxxxxxxxxxx"	"xxxx xxxx-xxxx xxxxxxxxxx, xxxx xxx"	"xxxxxxxxxxxx"
"null"	"xxxxxxxxxxxxxxxxxxxxxxxxx"	"xxxxxxxxxxxxxxxxxxxxxxxx"	"xxx xxxxxxxx xxxx xxxxx.  xxxxx x xxxx xxxxxxxxxx xx xxx"	"xxxxxxxxxxxx"
"null"	"xxxxxxxxxxxxxxxxxxxxxxxxxxxxxxxxxxxxxxxxxxxx"	"xxxxxxxxxxxxxxxxxxxxxxxxxxxxxxxxxxxxxxxxxxxx"	"xxx-xxxxx xxxxxxxx xxxxxx, xxxxxxxxxx xx xxx xx-xx-xxxx.  xxxx xx x xxx xx x xxxxxx xxxxxx, xxxxx xxxxxx x xxxxxxxx xxxx xxxxxxx xxxxx"	"xxxxxxxxxxxx"
"null"	"xxxxxxxxxxxxxxxxxxxxxxxxxxxxx"	"xxxxxxxxxxxxxxxxxxxxxxxxxxxx"	"xxxxxxxx xxxxxxx xxx xxxx xxxxxxx xxxxxxx, xxx xxxx x xxxx xx xxxxxxx"	"xxxxxxxxxxxx"
"null"	"xxxxxxxxxxxxxxxxxxxxxxxxxxxxxxxxxxxxxxxxxxxxxxxxxxxxxx"	"xxxxxxxxxxxxxxxxxxxxxxxxxxxxxxxxxxxxxxxxxxxxxxxxxxxxxxxxx"	"xxx xxxxxx xxxxxxxx xxxxxx, xx xxxx xxxxxxx xxxx xxx xxxx xxxxx.  xxxxx xxxx xx xxx xxxxxx xxxxxxxx xxxx"	"xxxxxxxxxxxx"
"null"	"xxxxxxxxxxxxxxxxxxxxxxxxxxxx"	"xxxxxxxxxxxxxxxxxxxxxxxxxxxx"	"xxx xxxxxxxxxx xx xxxxxx"	"xxxxxxxxxxxx"
"null"	"xxxxxxxxxxxxxxxxxxxxxxxxxxx"	"xxxxxxxxxxxxxxxxxxxxxxxxxxxx"	"xxxxxxxxx xxxxxx xxxxxxx xxxxxx, xxxx-xxx"	"xxxxxxxxxxxx"
"null"	"xxxxxxxxxxxxxxxxxxxxxxxxxxxxxx"	"xxxxxxxxxxxxxxxxxxxxxxxxxxxxx"	"xxxx xx xx xxxxxxxx xxxx, xx xxxx xxxxxxxxxx.  xxxxxx xxxx xxx xxxx xx xx xx xx xx, xxxxx xxxxx xxx xxxxxxxx xxxxx xxxx xx xxxx.  xxxxxxxxx xx xxxx-xxx, xxx xxxxxxx xxxxx xx xxxxxx"	"xxxxxxxxxxxx"
"null"	"xxxxxxxxxxxxxxxxxxxxxxxxxxxxxxxxxxxxxxxxxxxxxxxxxxxxxxxxxxxxxxxxxxxxxxxxxxxxxxxxxxxxxxxxxxxxxxxxxxxxxxxxxxxxxxxxxxxxxxxxxxxxxxxxxxxxxxxxxxxxxxxxxxxxxxxxxxxxxxxxxxxxxxxxxxxxxxxxxxxxxxxxxxxxxxxxxxxxxxxxxxxxxxxxxxxxxxxxxxxxxxxxxxxxxxxxxxxxxxxxxxxxxxxxxxxxxxxxxxxxxxxxxxxxxxxxxxxxxxxxxxxxxxxxxxxxxxxxxxxxxxxxxxxxxxxxxxxxxxxxxxxxxxxxxxxxxxxxxxxxxxxxxxxxxxxxxxxxxxxxxxxxxxxxxxxxxxxxxxxxxxxxxxxxxxxxxxxxxxxxxxxxxxxxxxxxxxxxxxxxxxxxxxxxxxxxxxxxxxxxxxxxxxxxxxxxxxxxxxxxxxxxxxxxxxxxxxxxxxxxxxxxxxxxxxxxxxxxxxxxxxxxxxxxxxxxxxxxxxxxxxxxxxxxxxxxxxxxxxxxxxxxxxxxxxxxxxxxxxxxxxxxxxxxxxxxxxxxxxxxxxxxxxxxxxxxxxxxxxxxxxxxxxxxxxxxxxxxxxxxxxxxxxxxxxxxxxxxxxxxxxxxxxxxxxxxxxxxxxxxxxxxxxxxxxxxxxxxxxxxxxxxxxxxxxxxxxxxxxxxxxxxxxxxxxxxxxxxxxxxxxxxxx"	"xxxxxxxxxxxxxxxxxxxxxxxxxxxxxxxxxxxxxxxxxxxxxxxxxxxxxxxxxxxxxxxxxxxxxxxxxxxxxxxxxxxxxxxxxxxxxxxxxxxxxxxxxxxxxxxxxxxxxxxxxxxxxxxxxxxxxxxxxxxxxxxxxxxxxxxxxxxxxxxxxxxxxxxxxxxxxxxxxxxxxxxxxxxxxxxxxxxxxxxxxxxxxxxxxxxxxxxxxxxxxxxxxxxxxxxxxxxxxxxxxxxxxxxxxxxxxxxxxxxxxxxxxxxxxxxxxxxxxxxxxxxxxxxxxxxxxxxxxxxxxxxxxxxxxxxxxxxxxxxxxxxxxxxxxxxxxxxxxxxxxxxxxxxxxxxxxxxxxxxxxxxxxxxxxxxxxxxxxxxxxxxxxxxxxxxxxxxxxxxxxxxxxxxxxxxxxxxxxxxx"	"xxx-xxxxx xxxxxxxxxx"	"xxxxxxxxxxxx"
"null"	"xxxxxxxxxxxxxxxxxxxxxxxxxxxxxxxxxxxxxxxxx"	"xxxxxxxxxxxxxxxxxxxxxxxxxxxxxxxxxxxxxxxxx"	"xxx-xxxx-xxxx-x-xxxx xxxxxxxxxxx; xxx xxxxxxxx xxxxxx"	"xxxxxxxxxxxx"
"null"	"xxxxxxxxxxxxxxxxxxxxxxxxxxxxxxxxx"	"xxxxxxxxxxxxxxxxxxxxxxxxxxxxxxxxxxxxxx"	"xxxxx xxxxxxxxxxx"	"xxxxxxxxxxxx"
"null"	"xxxxxxxxxxxxxxxxxxxxxxxxxxxx"	"xxxxxxxxxxxxxxxxxxxxxxxxxxxxx"	"xxxxxx xx xxxx xxxxx xxxxxxxx.  xxxxxxxxxx xxxxxx xxxx xxxxxxx xxxxxxxxxx xx xxx-xxx-xxxx-xxx xxxxxxx.  xxxx xxxxx xx xxxxx-xxx, xxx xx xx xxxxxxxx xxxxxxxxxx"	"xxxxxxxxxxxx"
"null"	"xxxxxxxxxxxxxxxxxxxxxxxxxx"	"xxxxxxxxxxxxxxxxxxxxxxxxxxxx"	"xxxxx-xxx xxxxxxxxx"	"xxxxxxxxxxxx"
"null"	"xxxxxxxxxxxxxxxxxxxxxxxxxxxxxxxxxxxxxxxx"	"xxxxxxxxxxxxxxxxxxxxxxxxxxxxxxx"	"x-xxx-xxxx-xxx"	"xxxxxxxxxxxx"
"null"	"xxxxxxxxxxxxxxxxxxxxxxxxxxxxxxxxxxxxxxx"	"xxxxxxxxxxxxxxxxxxxxxxxxxxxxxxxxxxxxxxxx"	"xxxx xxxxxxxx xx xxxxxxx, xxxxxxxxxx xxxx x xxxxx"	"xxxxxxxxxxxx"
"null"	"xxxxxxxxxxxxxxxxxxxxxxxxxxxxxxxxxxxxxxxxxxxxxxxxxxxxxxxxxxxxxxxxxxxxxxxxxxxxxxxxxxxxxxxxxxxxxxxxxxxxxxxxxxxxxxxxxxxxxxxxxxxxxxxxxxxxxxxxxxxxxxxxxxxxxxxxxxxxxxxxxxxxxxxxxxxxxxxxxxxxxxxxxxxxxxxxxxxxxxxxxxxx"	"xxxxxxxxxxxxxxxxxxxxxxxxxxxxxxxxxxxxxxxxxxxxxxxxxxxxxxxxxxxxxxxxxxxxxxxxxxxxxxxxxxxxxxxxxxxxxxxxxxxxxxxxxxxxxxxxxxxxxxxxxxxxxxxxxxxxxxxxxxxxxxxxxxxxxxxxxxxxxxxxxxxxxxxxxxxxxxxxxxxxxxxxxxxxxxxxxxxxxxxxxxxx"	"xxxxx xx xxx xxxx xxxxxx xx xxx xxxxx xxxxxxxxxx xxxxxxx xxxxxxxxx xx xxx xxxxx xxxxx xx xxxxxxxx xxxxxxx.  xxxxx xxxx xxx xx xx xxxxxxxxxxxx xxxxxxx xxxxx xxx xxxxxxx.  xxxx xxxxxxxxxx xxxxxx xxx xx xxxx xxx xxx xxxxxxx xxx, xxxxx xxx xxxx xxxxxxxxx xx xxxx xxxx xxxxx xxxxxxxx, xxxxx xxxxxxx xx xx xxxx xxxx xxxx, xx xxx xxxxx xxxxxxxxxx xxxxxxx xxx xxxxxxx xxxx xxxxx-xxxx-xxx.  xx xxxxxxxx xxxxxx xx xxxxxxxx"	"xxxxxxxxxxxx"
"null"	"xxxxxxxxxxxxxxxxxxxxxxxxxxxxxxxxxx"	"xxxxxxxxxxxxxxxxxxxxxxxxxxxxxxxx"	"xxxxxxxxxx xx-xxx-xxx"	"xxxxxxxxxxxx"
"null"	"xxxxxxxxxxxxxxxxxxxxxxx"	"xxxxxxxxxxxxxxxxxxxxxxx"	"xxxx xxxxxxxx xxxxxxxxxx xx xxx xxxxxxxxxx xxxxxxx xxx-xxx-xxx.  xxxxxx xxxxxx xx xxxxx"	"xxxxxxxxxxxx"
"null"	"xxxxxxxxxxxxxxxxxxxxxxxxxxxxxxxxxxxxxxxxxxx"	"xxxxxxxxxxxxxxxxxxxxxxxxxxxxxxxxxxxxxxxxxxx"	"xxxx xxxx-xxxx xxxxxxxxxx, xxxx xxx"	"xxxxxxxxxxxx"
"null"	"xxxxxxxxxxxxxxxxxxxxxxxxxxxxxxxxxxxxxxxxxx"	"xxxxxxxxxxxxxxxxxxxxxxxxxxxxxxxxxxxxxxxxx"	"xxx-xxxx-xxxx-x-xxxx xxxxxxxxxxx; xxxxxxxx xxxxxxx xxxxx xxx xxxxxx xx xxxx xxxxx xxxx-xxx xxxxxxxxxxxx"	"xxxxxxxxxxxx"
"null"	"xxxxxxxxxxxxxxxxxxxxxx"	"xxxxxxxxxxxxxxxxxxxxxx"	"xxxxxxx xxxx xxx xxxxxxxx xxxxxxxx xxxxx.  xxxxxxxx xxxxx xx xxxxx xxx xxxxxxxx xx xxx xxxxxxxx xxx xxxxxxx"	"xxxxxxxxxxxx"
"null"	"xxxxxxxxxxxxxxxxxxxxxxxxxxxxxxxxxxx"	"xxxxxxxxxxxxxxxxxxxxxxxxxxxxxxxxxxx"	"xxx-xxxxx xxxxxxxx xxxxxx, xxxxxxxxxx xx xxx xx-xx-xxxx.  xx xxxxxxxx xxxxxxxxxx xx xxxxx xx"	"xxxxxxxxxxxx"
"null"	"xxxxxxxxxxxxxxxxxxxxxxxxxxxxxxxxxxxxx"	"xxxxxxxxxxxxxxxxxxxxxxxxxxxxxxxxxxxx"	"xxx xxxxxxxx xxxxxxxxxx xxx xxxx x xxxxxxxx xx xxx xxxxxxx.  xxxxxxxxxx, xxx xxxxxx xxx xxxxxxxx xx xx xxxxx xx xxx xxxxxxxxxxxx xx xxx.  xxxxx xxxxxxx xxxxx xxx xxxx xxx xxxxxxxx xx xxx xxxx xxx xxxxxxxxxxxx, xx xxxx xxxxxxxxxx xxxxxx xxxxxxxx xxx xxx xxxxxxxxx xx x xxxxxx xxx"	"xxxxxxxxxxxx"
"null"	"xxxxxxxxxxxxxxxxxxxx"	"xxxxxxxxxxxxxxxxxxxxx"	"xxxxxxxx xxxxx xxxxxx xxx xxxxxxx, xxxxx xx xxxxxxxxxx xxxxxxx xx xxxxxx xxx xxxx xxxxxxx xxxxxxxx.  xxxxx xxxxxx xx xxxxxxxx xx xxxx x xxxx xxxxxxxx xxx xxxxxxx"	"xxxxxxxxxxxx"
"null"	"xxxxxxxxxxxxxxxxxxxxxxxxxxxxxx"	"xxxxxxxxxxxxxxxxxxxxxxxxxxxxxxxxxxxx"	"xxxxx xx xxxxx xxxx xx xxxx xxxx xxx xxxxxxxxxx"	"xxxxxxxxxxxx"
"null"	"xxxxxxxxxxxxxxxxxxxxxxxxxxxxxxxxxxxxxxxxxxxxxxxxxxxxxxxxxxx"	"xxxxxxxxxxxxxxxxxxxxxxxxxxxxxxxxxxxxxxxxxxxxxxxxxxxxxxxxxxx"	"xxx x xxxx xxxxxxxxx xxxx xxx-xxxxx xxxxxxxx xx xxx xxxxxxxxxx xx x xxx xxxx xxxx xxxxxxxx, xxxxx xxxxxxxxxx xxxx xxx xxxxxx xxxxxxxxxx.  xxxx xxxxxx xxxxxx xxxx xxxx xxxx xx xxxxx xxxxxxxxx xxxxxxxx xxxx xxx xxx x xxxx"	"xxxxxxxxxxxx"
"null"	"xxxxxxxxxxxxxxxxxxxxxxxxxxxxxxxxxxxxxxxxxxx"	"xxxxxxxxxxxxxxxxxxxxxxxxxxxxxxxxxx"	"x-xxxxx xxxxx, xxxx-x xxxxxxx xx xxxx-x xxxx"	"xxxxxxxxxxxx"
"null"	"xxxxxxxxxxxxxxxxxxxxxxxxxxxxxxx"	"xxxxxxxxxxxxxxxxxxxxxxxxxxxxxxx"	"xxx xxxxxx xxxxxxxxxx xx xx"	"xxxxxxxxxxxx"
"null"	"xxxxxxxxxxxxxxxxxxxxxxxxxxxxxxxxxxxxxxxx"	"xxxxxxxxxxxxxxxxxxxxxxxxxxxxxxxxxxxxxxx"	"xxxxxxxxx xxxxxx xxxxxxx xxxxxx, xxxx-xxx"	"xxxxxxxxxxxx"
"null"	"xxxxxxxxxxxxxxxxxxxxxxxxxxxxx"	"xxxxxxxxxxxxxxxxxxxxxxxxxxxxx"	"xxxxxxxxxxx xx xxxxxxxx xxxxx xxx xxxxxxxx xxxxxxx xxxx xxxxxxx.  xxxxxxxxxxxxxxx x xx x xxxxxx xx xxxxxxxx xx xxxxx xx xxxxxxxxx xx xxxxxxx xxxxxxxx.  xxx xxxxxx xxxxxx xxxxx xxxxxxx xxxxxxx, xxxxxxxx xxxxxxx xxxxxxxxxx xx xxxxxxxxx xx xxxxxxxxx xxxxx xxxxxxxx xx xxxxxxx"	"xxxxxxxxxxxx"
"null"	"xxxxxxxxxxxxxxxxxxxxxxxxxxxxxxxxxxxxxxxx"	"xxxxxxxxxxxxxxxxxxxxxxxxxxxxxxxxxxxxxxxxx"	"xxx-xxxx-xxxx-x-xxxx xxxxxxxxxxx; xxx xxxxxxxx xxxxxxxx xxxxxx"	"xxxxxxxxxxxx"
"null"	"MyType"	"MyType"	""	"MyType"
"606"	"gfhgfhf"	"fghgfhf"	""	"misc_feature"